test_id,trai,amplitude,amplitude_mV
P0_2,2,39.724234310287336,0.09687500000000003
P0_2,6,44.1331450144257,0.16093749999999998
P0_2,8,41.14285772273138,0.11406250000000002
P0_2,9,49.40563660378714,0.29531249999999987
P0_2,10,46.92216740798338,0.22187499999999993
P0_2,11,43.15215706723336,0.14374999999999996
P0_2,12,45.16556030486062,0.1812499999999999
P0_2,13,40.0,0.1
P0_2,14,46.22182643343754,0.20468749999999994
P0_2,15,41.26103491494178,0.11562500000000003
P0_2,16,42.464779034608114,0.13281250000000006
P0_2,17,55.02654455843541,0.5640624999999999
P0_2,18,47.51327227921771,0.23750000000000007
P0_2,19,49.63243511892678,0.3031250000000001
P0_2,20,54.4803944843839,0.5296875
P0_2,25,58.129394552866486,0.8062500000000001
P0_2,26,42.36198624155989,0.13125
P0_2,29,41.49267236593808,0.11874999999999991
P0_2,30,58.16299571522691,0.8093749999999996
P0_2,32,40.7783613206074,0.10937500000000017
P0_2,33,51.407939661452495,0.37187499999999996
P0_2,35,41.14285772273138,0.11406250000000002
P0_2,38,57.97655970698898,0.7921875000000003
P0_2,39,45.090357327394486,0.17968749999999992
P0_2,43,43.611835205647154,0.15156250000000002
P0_2,45,44.86076097372589,0.175
P0_2,47,53.24334712856541,0.45937500000000053
P0_2,48,40.52657877444698,0.10624999999999998
P0_2,51,44.93796938999065,0.17656249999999996
P0_2,52,52.69458216162661,0.4312500000000001
P0_2,53,45.952474939441394,0.19843750000000002
P0_2,54,56.025500984615626,0.6328124999999997
P0_2,55,45.01449754705171,0.1781250000000001
P0_2,59,56.11086668046909,0.6390624999999995
P0_2,60,38.36191791233803,0.08281249999999996
P0_2,62,44.46407607402645,0.16718750000000007
P0_2,63,43.33895759231624,0.14687500000000023
P0_2,67,55.9392879727259,0.6265624999999999
P0_2,70,40.0,0.1
P0_2,71,40.13466765317936,0.10156249999999994
P0_2,72,46.22182643343754,0.20468749999999994
P0_2,73,49.58754670047774,0.3015625000000001
P0_2,75,39.58299722053759,0.09531249999999995
P0_2,76,42.15267756799659,0.12812500000000004
P0_2,77,42.04610089789525,0.12656249999999997
P0_2,78,57.71570257566946,0.7687499999999998
P0_2,79,38.84016106044626,0.08749999999999998
P0_2,81,46.08819472630724,0.20156250000000017
P0_2,84,44.7828600960554,0.17343749999999994
P0_2,85,54.65792249617778,0.5406249999999998
P0_2,89,42.36198624155989,0.13125
P0_2,90,39.29344075316514,0.09218750000000002
P0_2,92,39.86321150939389,0.09843750000000001
P0_2,93,44.21706730629786,0.16249999999999984
P0_2,95,41.37762578815626,0.11718750000000004
P0_2,96,55.16972180536405,0.5734375
P0_2,97,42.25796236784373,0.12968749999999998
P0_2,98,47.04365036222725,0.2249999999999999
P0_2,100,42.36198624155989,0.13125
P0_2,101,57.131557153953736,0.7187499999999998
P0_2,103,54.682990016139726,0.5421874999999999
P0_2,104,39.58299722053759,0.09531249999999995
P0_2,107,47.22274721528578,0.2296875
P0_2,110,38.68365431020713,0.08593749999999999
P0_2,112,46.92216740798338,0.22187499999999993
P0_2,113,41.938200260161125,0.12499999999999994
P0_2,115,44.46407607402645,0.16718750000000007
P0_2,116,45.88381142267352,0.19687500000000005
P0_2,117,40.65338233506736,0.10781249999999999
P0_2,118,39.43942552799513,0.09374999999999997
P0_2,120,47.45593946618564,0.23593749999999997
P0_2,121,40.0,0.1
P0_2,123,40.39789657433879,0.10468750000000003
P0_2,124,50.84249778128547,0.34843750000000007
P0_2,125,49.172756980512986,0.2875
P0_2,128,38.84016106044626,0.08749999999999998
P0_2,129,44.86076097372589,0.175
P0_2,131,48.68738548597425,0.2718749999999999
P0_2,132,38.84016106044626,0.08749999999999998
P0_2,133,40.39789657433879,0.10468750000000003
P0_2,138,46.983121269623496,0.2234375000000001
P0_2,140,41.26103491494178,0.11562500000000003
P0_2,141,56.70588273040424,0.6843749999999997
P0_2,143,49.26665940468058,0.29062499999999986
P0_2,146,40.52657877444698,0.10624999999999998
P0_2,148,47.45593946618564,0.23593749999999997
P0_2,150,45.090357327394486,0.17968749999999992
P0_2,151,45.46002544127475,0.18749999999999997
P0_2,152,43.24605949140096,0.14531250000000007
P0_2,155,42.76605396332563,0.13750000000000004
P0_2,156,45.74483422356696,0.19375000000000006
P0_2,157,44.38251782561765,0.16562499999999974
P0_2,158,45.090357327394486,0.17968749999999992
P0_2,159,48.27856228112336,0.259375
P0_2,161,44.93796938999065,0.17656249999999996
P0_2,162,41.26103491494178,0.11562500000000003
P0_2,164,47.62681493705152,0.24062500000000006
P0_2,165,41.828942346131086,0.1234375
P0_2,168,47.10376056502176,0.2265625
P0_2,169,45.31404066644477,0.18437500000000007
P0_2,170,50.48467598730607,0.3343749999999998
P0_2,172,49.94032166873203,0.3140624999999999
P0_2,173,45.53210792665126,0.18906249999999994
P0_2,175,47.79439356850693,0.2453125
P0_2,176,48.93346113992011,0.27968749999999987
P0_2,178,48.12015260840141,0.25468749999999996
P0_2,179,41.37762578815626,0.11718750000000004
P0_2,181,51.26071766852512,0.3656250000000002
P0_2,183,58.213154986312745,0.8140624999999997
P0_2,184,42.04610089789525,0.12656249999999997
P0_2,186,54.60756937175286,0.5374999999999999
P0_2,188,47.163457636011,0.22812500000000008
P0_2,189,47.79439356850693,0.2453125
P0_2,190,49.54242509439325,0.30000000000000016
P0_2,192,38.99389763377208,0.08906249999999993
P0_2,193,63.59390766649013,1.5125000000000002
P0_2,194,46.73669652540416,0.2171875000000002
P0_2,195,47.57022913667424,0.23906250000000034
P0_2,196,59.30815013794736,0.9234374999999996
P0_2,198,41.938200260161125,0.12499999999999994
P0_2,199,66.6108118634504,2.140625
P0_2,200,50.06900386884024,0.3187500000000004
P0_2,201,42.36198624155989,0.13125
P0_2,202,56.153236957843646,0.6421875000000002
P0_2,204,51.80038746223698,0.3890625000000001
P0_2,207,48.98185062238838,0.28125000000000006
P0_2,209,40.7783613206074,0.10937500000000017
P0_2,210,45.24011775524549,0.18281250000000007
P0_2,211,49.31323265105224,0.2921875000000001
P0_2,213,49.72152194745178,0.30624999999999997
P0_2,216,49.31323265105224,0.2921875000000001
P0_2,218,39.86321150939389,0.09843750000000001
P0_2,219,50.11147774143734,0.3203125
P0_2,223,39.29344075316514,0.09218750000000002
P0_2,225,53.47653937946527,0.471875
P0_2,226,38.36191791233803,0.08281249999999996
P0_2,229,47.51327227921771,0.23750000000000007
P0_2,232,42.04610089789525,0.12656249999999997
P0_3,1,43.24605949140096,0.14531250000000007
P0_3,3,48.43413461259573,0.2640625
P0_3,5,48.48537894788773,0.2656249999999999
P0_3,6,45.38733974817287,0.18593749999999995
P0_3,7,55.12225780945175,0.5703125000000001
P0_3,9,45.46002544127475,0.18749999999999997
P0_3,10,70.89685757200473,3.5062499999999996
P0_3,11,44.21706730629786,0.16249999999999984
P0_3,15,52.471446120370416,0.42031250000000014
P0_3,16,42.66678557269462,0.13593749999999993
P0_3,17,45.090357327394486,0.17968749999999992
P0_3,18,42.15267756799659,0.12812500000000004
P0_3,19,45.952474939441394,0.19843750000000002
P0_3,20,48.226079404600384,0.25781250000000006
P0_3,21,43.43087262609921,0.14843749999999997
P0_3,22,51.93881094383862,0.3953125000000002
P0_3,23,40.90156749470376,0.11093749999999995
P0_3,24,40.7783613206074,0.10937500000000017
P0_3,28,46.983121269623496,0.2234375000000001
P0_3,29,38.99389763377208,0.08906249999999993
P0_3,30,45.38733974817287,0.18593749999999995
P0_3,33,43.78910441227325,0.15468749999999978
P0_3,35,44.54487563006125,0.16874999999999993
P0_3,37,48.38258615483952,0.2625000000000003
P0_3,39,41.938200260161125,0.12499999999999994
P0_3,40,59.46833034547875,0.9406249999999998
P0_3,41,41.828942346131086,0.1234375
P0_3,42,44.38251782561765,0.16562499999999974
P0_3,43,43.87640052032226,0.15625000000000003
P0_3,44,46.54717868772661,0.21250000000000002
P0_3,53,40.13466765317936,0.10156249999999994
P0_3,54,45.24011775524549,0.18281250000000007
P0_3,56,46.35343333966397,0.20781250000000004
P0_3,57,72.81956114716664,4.374999999999999
P0_3,58,53.24334712856541,0.45937500000000053
P0_3,59,51.55270783993088,0.37812499999999993
P0_3,60,41.14285772273138,0.11406250000000002
P0_3,61,56.74545405004601,0.6875000000000002
P0_3,62,39.724234310287336,0.09687500000000003
P0_3,65,49.80970432555288,0.3093749999999999
P0_3,68,45.24011775524549,0.18281250000000007
P0_3,69,44.86076097372589,0.175
P0_3,70,40.39789657433879,0.10468750000000003
P0_3,72,52.43909640089804,0.41875000000000023
P0_3,76,43.611835205647154,0.15156250000000002
P0_3,77,45.01449754705171,0.1781250000000001
P0_3,78,40.52657877444698,0.10624999999999998
P0_3,79,48.173277481276216,0.2562500000000001
P0_3,81,42.66678557269462,0.13593749999999993
P0_3,82,57.57330775321051,0.75625
P0_3,83,44.46407607402645,0.16718750000000007
P0_3,86,40.267279231159634,0.10312500000000004
P0_3,88,43.70092203417215,0.15312499999999996
P0_3,89,41.14285772273138,0.11406250000000002
P0_3,90,44.54487563006125,0.16874999999999993
P0_3,91,38.68365431020713,0.08593749999999999
P0_3,94,49.98342790925473,0.3156249999999998
P0_3,95,45.090357327394486,0.17968749999999992
P0_3,96,42.56636954519361,0.13437499999999994
P0_3,98,46.79896123388701,0.2187499999999999
P0_3,99,42.36198624155989,0.13125
P0_3,102,45.090357327394486,0.17968749999999992
P0_3,103,47.683034483728086,0.2421875
P0_3,104,38.36191791233803,0.08281249999999996
P0_3,105,42.864200653220514,0.13906250000000003
P0_3,107,48.637322582898165,0.2703125000000001
P0_3,108,55.33383256433186,0.5843749999999998
P0_3,110,44.04840395556061,0.15937500000000002
P0_3,111,57.5553431353525,0.7546875000000002
P0_3,112,41.02305044894763,0.11250000000000004
P0_3,113,47.90434300673128,0.24843749999999995
P0_3,114,47.95880017344075,0.24999999999999994
P0_3,115,50.11147774143734,0.3203125
P0_3,120,46.860782773429854,0.22031249999999994
P0_3,121,45.24011775524549,0.18281250000000007
P0_3,123,49.31323265105224,0.2921875000000001
P0_3,124,50.27932624254333,0.3265624999999996
P0_3,126,73.61916802986599,4.796875000000002
P0_3,127,55.91760034688151,0.6250000000000003
P0_3,130,53.84261159611427,0.4921875
P0_3,132,44.46407607402645,0.16718750000000007
P0_3,133,41.14285772273138,0.11406250000000002
P0_3,134,67.88246417995396,2.478125
P0_3,135,48.78665387660526,0.27500000000000013
P0_3,136,44.1331450144257,0.16093749999999998
P0_3,137,50.80346000933503,0.3468750000000002
P0_3,138,41.02305044894763,0.11250000000000004
P0_3,139,39.86321150939389,0.09843750000000001
P0_3,140,62.194944754264576,1.2875000000000003
P0_3,141,45.090357327394486,0.17968749999999992
P0_3,142,45.81460078048338,0.19531249999999994
P0_3,143,61.42382743771773,1.1781249999999996
P0_3,144,46.020599913279625,0.20000000000000004
P0_3,145,51.48062535455438,0.375
P0_3,147,47.163457636011,0.22812500000000008
P0_3,148,38.02780404228098,0.0796875
P0_3,149,41.26103491494178,0.11562500000000003
P0_3,150,52.75729643868378,0.434375
P0_3,152,52.10879463958686,0.403125
P0_3,157,39.43942552799513,0.09374999999999997
P0_3,158,44.7828600960554,0.17343749999999994
P0_3,160,42.464779034608114,0.13281250000000006
P0_3,162,41.26103491494178,0.11562500000000003
P0_3,164,40.52657877444698,0.10624999999999998
P0_3,167,57.75093949879519,0.7718749999999995
P0_3,168,45.67450274911022,0.1921875000000001
P0_3,171,42.66678557269462,0.13593749999999993
P0_3,172,45.090357327394486,0.17968749999999992
P0_3,173,50.06900386884024,0.3187500000000004
P0_3,174,41.14285772273138,0.11406250000000002
P0_3,175,40.39789657433879,0.10468750000000003
P0_3,177,45.16556030486062,0.1812499999999999
P0_3,179,49.853462048516384,0.31093749999999987
P0_3,184,41.828942346131086,0.1234375
P0_4,3,48.43413461259573,0.2640625
P0_4,6,44.70425422348676,0.171875
P0_4,9,45.88381142267352,0.19687500000000005
P0_4,11,40.13466765317936,0.10156249999999994
P0_4,12,50.84249778128547,0.34843750000000007
P0_4,14,48.12015260840141,0.25468749999999996
P0_4,16,45.60359713381722,0.19062499999999993
P0_4,17,47.57022913667424,0.23906250000000034
P0_4,18,48.06670081117488,0.2531250000000002
P0_4,20,46.860782773429854,0.22031249999999994
P0_4,22,44.70425422348676,0.171875
P0_4,23,44.300186501721015,0.16406249999999994
P0_4,25,46.983121269623496,0.2234375000000001
P0_4,26,42.25796236784373,0.12968749999999998
P0_4,27,46.35343333966397,0.20781250000000004
P0_4,28,41.828942346131086,0.1234375
P0_4,30,50.80346000933503,0.3468750000000002
P0_4,31,54.29916219440298,0.51875
P0_4,32,47.45593946618564,0.23593749999999997
P0_4,33,45.01449754705171,0.1781250000000001
P0_4,35,51.11095724067411,0.3593749999999999
P0_4,38,60.449598451028656,1.0531250000000003
P0_4,39,40.7783613206074,0.10937500000000017
P0_4,40,47.90434300673128,0.24843749999999995
P0_4,41,45.01449754705171,0.1781250000000001
P0_4,45,50.958569303270274,0.3531249999999999
P0_4,46,40.267279231159634,0.10312500000000004
P0_4,47,40.90156749470376,0.11093749999999995
P0_4,49,39.58299722053759,0.09531249999999995
P0_4,50,43.05722836674413,0.14218749999999997
P0_4,53,43.87640052032226,0.15625000000000003
P0_4,55,46.020599913279625,0.20000000000000004
P0_4,58,40.0,0.1
P0_4,59,40.13466765317936,0.10156249999999994
P0_4,61,42.36198624155989,0.13125
P0_4,63,46.983121269623496,0.2234375000000001
P0_4,64,39.724234310287336,0.09687500000000003
P0_4,66,50.958569303270274,0.3531249999999999
P0_4,68,41.49267236593808,0.11874999999999991
P0_4,69,63.99715962026861,1.5843750000000025
P0_4,71,40.13466765317936,0.10156249999999994
P0_4,72,44.54487563006125,0.16874999999999993
P0_4,73,51.51674137181963,0.3765625000000001
P0_4,76,43.15215706723336,0.14374999999999996
P0_4,79,41.02305044894763,0.11250000000000004
P0_4,80,38.36191791233803,0.08281249999999996
P0_4,81,48.98185062238838,0.28125000000000006
P0_4,85,38.84016106044626,0.08749999999999998
P0_4,86,53.12436047830138,0.45312500000000006
P0_4,87,39.43942552799513,0.09374999999999997
P0_4,88,43.33895759231624,0.14687500000000023
P0_4,93,44.300186501721015,0.16406249999999994
P0_4,95,38.68365431020713,0.08593749999999999
P0_4,96,52.942767321263005,0.4437499999999999
P0_4,98,58.55638625108999,0.8468749999999996
P0_4,99,44.46407607402645,0.16718750000000007
P0_4,101,44.21706730629786,0.16249999999999984
P0_4,102,42.04610089789525,0.12656249999999997
P0_4,103,42.56636954519361,0.13437499999999994
P0_4,104,38.99389763377208,0.08906249999999993
P0_4,105,39.86321150939389,0.09843750000000001
P0_4,107,55.42623651706676,0.5906249999999997
P0_4,108,41.606215023771895,0.12031250000000002
P0_4,110,47.62681493705152,0.24062500000000006
P0_4,111,53.647414850331145,0.4812500000000002
P0_4,114,41.37762578815626,0.11718750000000004
P0_4,115,58.6678474093241,0.8578125000000002
P0_4,116,43.24605949140096,0.14531250000000007
P0_4,117,51.83520069376301,0.39062499999999994
P0_4,118,41.14285772273138,0.11406250000000002
P0_4,119,51.76543413684658,0.38749999999999984
P0_4,120,38.99389763377208,0.08906249999999993
P0_4,121,48.83586584755839,0.2765624999999999
P0_4,123,42.04610089789525,0.12656249999999997
P0_4,124,43.15215706723336,0.14374999999999996
P0_4,127,41.14285772273138,0.11406250000000002
P0_4,130,46.67398224834699,0.215625
P0_4,131,52.07506298694816,0.40156250000000054
P0_4,136,45.01449754705171,0.1781250000000001
P0_4,137,41.718292574131866,0.12187500000000001
P0_4,138,45.38733974817287,0.18593749999999995
P0_4,140,46.15526756645899,0.20312499999999992
P0_4,146,41.02305044894763,0.11250000000000004
P0_4,147,53.331529506666506,0.4640625
P0_4,148,42.25796236784373,0.12968749999999998
P0_4,150,69.010755439872,2.821875000000001
P0_4,151,53.44773043219912,0.47031249999999986
P0_4,152,65.98660421572174,1.9921875000000013
P0_4,153,52.942767321263005,0.4437499999999999
P0_4,156,39.86321150939389,0.09843750000000001
P0_4,157,74.9321975241779,5.579687499999998
P0_4,158,60.22770791151787,1.0265624999999998
P0_4,159,42.464779034608114,0.13281250000000006
P0_4,160,48.88480056650014,0.2781250000000001
P0_4,164,43.78910441227325,0.15468749999999978
P0_4,166,48.93346113992011,0.27968749999999987
P0_4,168,54.35132985655355,0.5218750000000002
P0_4,169,40.0,0.1
P0_4,170,41.938200260161125,0.12499999999999994
P0_4,171,45.38733974817287,0.18593749999999995
P0_4,172,39.58299722053759,0.09531249999999995
P0_4,173,51.86987494994302,0.39218749999999997
P0_4,175,42.56636954519361,0.13437499999999994
P0_4,176,39.86321150939389,0.09843750000000001
P0_4,177,55.38015741887548,0.5874999999999998
P0_4,178,39.58299722053759,0.09531249999999995
P0_4,179,42.25796236784373,0.12968749999999998
P0_4,181,43.611835205647154,0.15156250000000002
P0_4,182,49.31323265105224,0.2921875000000001
P0_4,184,52.56777860100623,0.4250000000000001
P0_4,186,42.04610089789525,0.12656249999999997
P0_4,190,53.094357375453214,0.45156250000000003
P0_4,193,44.300186501721015,0.16406249999999994
P0_4,194,50.56547554334088,0.33750000000000024
P0_4,195,51.90441133595314,0.39375000000000016
P0_4,196,46.35343333966397,0.20781250000000004
P0_4,197,54.27296039583663,0.5171874999999997
P0_4,198,44.46407607402645,0.16718750000000007
P0_4,199,43.33895759231624,0.14687500000000023
P0_4,200,39.724234310287336,0.09687500000000003
P0_4,203,43.70092203417215,0.15312499999999996
P0_4,207,41.606215023771895,0.12031250000000002
P0_4,208,39.724234310287336,0.09687500000000003
P0_4,211,47.45593946618564,0.23593749999999997
P0_4,214,43.52182518111363,0.15000000000000005
P0_4,216,65.75183615029685,1.9390624999999992
P0_4,217,54.24667931788001,0.5156250000000001
P0_4,220,49.172756980512986,0.2875
P0_4,221,41.828942346131086,0.1234375
P0_4,226,39.29344075316514,0.09218750000000002
P0_4,229,40.0,0.1
P0_4,230,44.38251782561765,0.16562499999999974
P0_4,233,42.66678557269462,0.13593749999999993
P0_4,234,40.90156749470376,0.11093749999999995
P0_4,235,44.04840395556061,0.15937500000000002
P0_4,237,38.84016106044626,0.08749999999999998
P0_4,238,42.04610089789525,0.12656249999999997
P0_4,240,45.952474939441394,0.19843750000000002
P0_4,241,44.54487563006125,0.16874999999999993
P0_4,246,54.03351795423888,0.5031250000000005
P0_4,247,39.43942552799513,0.09374999999999997
P0_4,248,44.46407607402645,0.16718750000000007
P0_4,250,43.611835205647154,0.15156250000000002
P0_4,253,41.828942346131086,0.1234375
P0_4,256,43.24605949140096,0.14531250000000007
P0_4,258,43.43087262609921,0.14843749999999997
P0_4,260,43.611835205647154,0.15156250000000002
P0_4,263,39.58299722053759,0.09531249999999995
P0_4,264,57.68032212089253,0.7656249999999997
P0_4,265,42.464779034608114,0.13281250000000006
P0_4,267,44.21706730629786,0.16249999999999984
P0_4,270,58.36191791233804,0.8281250000000004
P0_4,271,42.864200653220514,0.13906250000000003
P0_4,272,42.36198624155989,0.13125
P0_4,276,42.36198624155989,0.13125
P0_4,278,47.28163482822141,0.23125000000000012
P0_4,279,46.67398224834699,0.215625
P0_4,282,41.606215023771895,0.12031250000000002
P0_4,284,44.7828600960554,0.17343749999999994
P0_4,285,53.89758576467728,0.49531249999999977
P0_4,287,39.29344075316514,0.09218750000000002
P0_4,292,42.36198624155989,0.13125
P0_4,294,47.95880017344075,0.24999999999999994
P0_4,295,43.96282799597511,0.15781250000000005
P0_4,297,65.58934628625939,1.903125
P0_4,298,50.02632127858652,0.3171875000000001
P0_4,299,46.35343333966397,0.20781250000000004
P0_4,300,42.25796236784373,0.12968749999999998
P0_4,302,55.54037599969472,0.5984375000000003
P0_4,303,40.39789657433879,0.10468750000000003
P0_4,304,56.94065079582913,0.7031249999999999
P0_4,305,41.37762578815626,0.11718750000000004
P0_4,310,40.65338233506736,0.10781249999999999
P0_4,311,42.25796236784373,0.12968749999999998
P0_4,314,38.02780404228098,0.0796875
P0_4,315,40.65338233506736,0.10781249999999999
P0_4,319,49.07782828002375,0.28437499999999993
P0_4,320,58.58837851428586,0.8500000000000003
P0_4,321,43.87640052032226,0.15625000000000003
P0_4,322,38.52427571678163,0.08437500000000005
P0_4,323,48.73716149404815,0.2734375000000003
P0_4,325,76.92132734038873,7.01562500000001
P0_4,326,60.59021195017077,1.0703124999999998
P0_4,328,42.864200653220514,0.13906250000000003
P0_4,332,52.942767321263005,0.4437499999999999
P0_4,333,42.464779034608114,0.13281250000000006
P0_4,337,42.25796236784373,0.12968749999999998
P0_4,338,45.31404066644477,0.18437500000000007
P0_4,340,53.47653937946527,0.471875
P0_4,341,39.43942552799513,0.09374999999999997
P0_4,342,51.90441133595314,0.39375000000000016
P0_4,344,49.80970432555288,0.3093749999999999
P0_4,347,38.99389763377208,0.08906249999999993
P0_4,348,39.29344075316514,0.09218750000000002
P0_4,350,41.49267236593808,0.11874999999999991
P0_4,351,38.36191791233803,0.08281249999999996
P0_4,354,48.06670081117488,0.2531250000000002
P0_4,355,44.7828600960554,0.17343749999999994
P0_4,357,47.57022913667424,0.23906250000000034
P0_4,359,43.24605949140096,0.14531250000000007
P0_4,360,49.451472539378834,0.296875
P0_4,364,49.80970432555288,0.3093749999999999
P0_4,365,48.06670081117488,0.2531250000000002
P0_4,366,48.53632272816533,0.2671874999999999
P0_4,368,47.22274721528578,0.2296875
P0_4,369,45.952474939441394,0.19843750000000002
P0_4,370,39.724234310287336,0.09687500000000003
P0_4,372,38.99389763377208,0.08906249999999993
P0_4,373,43.15215706723336,0.14374999999999996
P0_4,374,44.38251782561765,0.16562499999999974
P0_4,377,49.26665940468058,0.29062499999999986
P0_4,379,38.52427571678163,0.08437500000000005
P0_4,380,43.05722836674413,0.14218749999999997
P0_4,383,56.56594592353689,0.6734375
P0_4,384,44.54487563006125,0.16874999999999993
P0_4,385,39.29344075316514,0.09218750000000002
P0_4,386,39.58299722053759,0.09531249999999995
P0_4,395,43.33895759231624,0.14687500000000023
P0_4,396,42.76605396332563,0.13750000000000004
P0_4,397,44.38251782561765,0.16562499999999974
P0_4,399,41.718292574131866,0.12187500000000001
P0_4,405,43.05722836674413,0.14218749999999997
P0_4,407,40.13466765317936,0.10156249999999994
P0_4,409,40.65338233506736,0.10781249999999999
P0_4,411,50.56547554334088,0.33750000000000024
P0_4,413,45.67450274911022,0.1921875000000001
P0_4,416,46.54717868772661,0.21250000000000002
P0_4,422,40.267279231159634,0.10312500000000004
P0_4,423,42.36198624155989,0.13125
P0_4,428,52.66305439692751,0.42968749999999983
P0_4,429,52.17586747973861,0.4062499999999999
P0_4,431,55.35702587487663,0.5859375000000001
P0_4,434,40.7783613206074,0.10937500000000017
P0_4,437,44.300186501721015,0.16406249999999994
P0_4,438,38.84016106044626,0.08749999999999998
P0_4,440,46.15526756645899,0.20312499999999992
P0_5,6,55.16972180536405,0.5734375
P0_5,7,55.7642515278308,0.6140625000000006
P0_5,8,59.21951784196587,0.9140625000000001
P0_5,10,40.13466765317936,0.10156249999999994
P0_5,11,44.93796938999065,0.17656249999999996
P0_5,14,76.09173241578767,6.376562500000003
P0_5,15,53.302234741501024,0.4624999999999998
P0_5,17,48.06670081117488,0.2531250000000002
P0_5,18,39.43942552799513,0.09374999999999997
P0_5,19,44.1331450144257,0.16093749999999998
P0_5,20,49.4970678652768,0.2984374999999995
P0_5,21,57.95941085711824,0.7906250000000005
P0_5,22,63.47646795199719,1.492187500000002
P0_5,23,46.35343333966397,0.20781250000000004
P0_5,24,43.70092203417215,0.15312499999999996
P0_5,27,42.36198624155989,0.13125
P0_5,28,59.15992316812887,0.9078125000000001
P0_5,31,58.52427571678163,0.8437500000000004
P0_5,33,48.48537894788773,0.2656249999999999
P0_5,34,56.48495802082273,0.6671874999999998
P0_5,35,40.7783613206074,0.10937500000000017
P0_5,36,50.60559519729285,0.3390625000000001
P0_5,38,54.42899853774903,0.5265625
P0_5,39,49.54242509439325,0.30000000000000016
P0_5,40,44.04840395556061,0.15937500000000002
P0_5,41,51.29775776575698,0.3671874999999997
P0_5,42,48.27856228112336,0.259375
P0_5,44,50.153744927705326,0.32187499999999997
P0_5,45,46.41849648761841,0.2093750000000001
P0_5,46,58.55638625108999,0.8468749999999996
P0_5,50,55.02654455843541,0.5640624999999999
P0_5,51,51.55270783993088,0.37812499999999993
P0_5,52,45.952474939441394,0.19843750000000002
P0_5,53,47.163457636011,0.22812500000000008
P0_5,54,43.78910441227325,0.15468749999999978
P0_5,55,46.6108118634504,0.2140625000000002
P0_5,56,47.73889248741149,0.24375000000000008
P0_5,57,48.27856228112336,0.259375
P0_5,60,42.36198624155989,0.13125
P0_5,61,46.020599913279625,0.20000000000000004
P0_5,63,44.46407607402645,0.16718750000000007
P0_5,65,48.83586584755839,0.2765624999999999
P0_5,66,60.87706567411764,1.10625
P0_5,68,48.586969458473234,0.26874999999999993
P0_5,70,41.02305044894763,0.11250000000000004
P0_5,71,46.28787914443925,0.2062499999999999
P0_5,72,41.606215023771895,0.12031250000000002
P0_5,73,42.56636954519361,0.13437499999999994
P0_5,74,41.938200260161125,0.12499999999999994
P0_5,76,41.49267236593808,0.11874999999999991
P0_5,78,50.88136088700551,0.35000000000000003
P0_5,79,43.52182518111363,0.15000000000000005
P0_5,80,40.267279231159634,0.10312500000000004
P0_5,83,50.84249778128547,0.34843750000000007
P0_5,84,52.40662574761376,0.4171874999999999
P0_5,85,53.47653937946527,0.471875
P0_5,87,60.17466414582373,1.0203125
P0_5,88,39.58299722053759,0.09531249999999995
P0_5,90,43.24605949140096,0.14531250000000007
P0_5,91,53.38982428681085,0.4671875
P0_5,93,40.0,0.1
P0_5,94,52.17586747973861,0.4062499999999999
P0_5,95,42.04610089789525,0.12656249999999997
P0_5,96,42.464779034608114,0.13281250000000006
P0_5,98,41.26103491494178,0.11562500000000003
P0_5,99,41.718292574131866,0.12187500000000001
P0_5,100,43.33895759231624,0.14687500000000023
P0_5,101,42.25796236784373,0.12968749999999998
P0_5,102,41.02305044894763,0.11250000000000004
P0_5,105,51.83520069376301,0.39062499999999994
P0_5,106,41.26103491494178,0.11562500000000003
P0_5,108,44.04840395556061,0.15937500000000002
P0_5,109,47.163457636011,0.22812500000000008
P0_5,110,47.04365036222725,0.2249999999999999
P0_5,111,38.84016106044626,0.08749999999999998
P0_5,114,43.43087262609921,0.14843749999999997
P0_5,118,52.72599590161123,0.4328125000000002
P0_5,121,45.81460078048338,0.19531249999999994
P0_5,122,45.16556030486062,0.1812499999999999
P0_5,123,44.04840395556061,0.15937500000000002
P0_5,126,46.983121269623496,0.2234375000000001
P0_5,127,43.52182518111363,0.15000000000000005
P0_5,130,41.938200260161125,0.12499999999999994
P0_5,131,54.24667931788001,0.5156250000000001
P0_5,134,60.094486133696265,1.0109374999999996
P0_5,135,46.41849648761841,0.2093750000000001
P0_5,136,42.25796236784373,0.12968749999999998
P0_5,137,44.7828600960554,0.17343749999999994
P0_5,138,42.56636954519361,0.13437499999999994
P0_5,139,49.677092747572615,0.30468749999999994
P0_5,140,62.47499172201401,1.3296874999999995
P0_5,141,45.090357327394486,0.17968749999999992
P0_5,142,45.31404066644477,0.18437500000000007
P0_5,143,40.0,0.1
P0_5,144,45.46002544127475,0.18749999999999997
P0_5,147,50.9200508825495,0.3515624999999999
P0_5,148,40.13466765317936,0.10156249999999994
P0_5,151,55.050571930985576,0.5656250000000003
P0_5,152,45.090357327394486,0.17968749999999992
P0_5,154,51.51674137181963,0.3765625000000001
P0_5,159,46.983121269623496,0.2234375000000001
P0_5,162,47.683034483728086,0.2421875
P0_5,168,52.27551549011741,0.41093749999999984
P0_5,169,45.74483422356696,0.19375000000000006
P0_5,170,46.41849648761841,0.2093750000000001
P0_5,172,46.67398224834699,0.215625
P0_5,176,52.10879463958686,0.403125
P0_5,177,48.27856228112336,0.259375
P0_5,179,44.93796938999065,0.17656249999999996
P0_5,180,51.69510266238984,0.38437500000000024
P0_5,181,57.2627381316445,0.7296874999999995
P0_5,184,41.26103491494178,0.11562500000000003
P0_5,190,43.33895759231624,0.14687500000000023
P0_5,191,49.12542231493085,0.28593750000000023
P0_5,192,40.0,0.1
P0_5,201,41.828942346131086,0.1234375
P0_5,202,44.46407607402645,0.16718750000000007
P0_5,203,40.7783613206074,0.10937500000000017
P0_5,206,39.43942552799513,0.09374999999999997
P0_5,207,39.14496039158101,0.09062500000000004
P0_5,208,46.860782773429854,0.22031249999999994
P0_5,209,39.43942552799513,0.09374999999999997
P0_5,213,45.24011775524549,0.18281250000000007
P0_5,217,38.68365431020713,0.08593749999999999
P0_5,219,50.9200508825495,0.3515624999999999
P0_5,221,39.724234310287336,0.09687500000000003
P0_5,223,50.11147774143734,0.3203125
P0_5,225,52.53578633781038,0.4234375000000002
P0_5,227,44.7828600960554,0.17343749999999994
P0_5,228,43.78910441227325,0.15468749999999978
P0_5,230,48.83586584755839,0.2765624999999999
P0_5,232,40.13466765317936,0.10156249999999994
P0_5,233,39.29344075316514,0.09218750000000002
P0_5,236,48.38258615483952,0.2625000000000003
P0_5,239,46.28787914443925,0.2062499999999999
P0_5,240,43.611835205647154,0.15156250000000002
P0_5,241,56.56594592353689,0.6734375
P0_5,243,45.01449754705171,0.1781250000000001
P0_5,244,38.84016106044626,0.08749999999999998
P0_5,248,48.53632272816533,0.2671874999999999
P0_5,249,38.52427571678163,0.08437500000000005
P0_5,250,56.025500984615626,0.6328124999999997
P0_5,251,44.54487563006125,0.16874999999999993
P0_5,253,46.41849648761841,0.2093750000000001
P0_5,254,50.525169718634366,0.3359375000000001
P0_5,255,44.86076097372589,0.175
P0_5,258,53.50525309036836,0.47343750000000034
P0_5,259,39.724234310287336,0.09687500000000003
P0_5,261,48.637322582898165,0.2703125000000001
P0_5,262,62.08888861810628,1.271875
P0_5,263,40.0,0.1
P0_5,266,43.05722836674413,0.14218749999999997
P0_5,269,47.57022913667424,0.23906250000000034
P0_5,270,46.79896123388701,0.2187499999999999
P0_5,272,41.14285772273138,0.11406250000000002
P0_5,277,43.78910441227325,0.15468749999999978
P0_5,278,45.090357327394486,0.17968749999999992
P0_5,280,43.70092203417215,0.15312499999999996
P0_5,281,51.186160218140245,0.3624999999999999
P0_5,284,48.12015260840141,0.25468749999999996
P0_5,285,42.25796236784373,0.12968749999999998
P0_5,288,43.70092203417215,0.15312499999999996
P0_5,289,45.74483422356696,0.19375000000000006
P0_5,290,44.300186501721015,0.16406249999999994
P0_5,292,38.52427571678163,0.08437500000000005
P0_5,293,41.02305044894763,0.11250000000000004
P0_5,294,44.300186501721015,0.16406249999999994
P0_5,297,44.624930479134726,0.17031249999999992
P0_5,299,48.27856228112336,0.259375
P0_5,301,50.60559519729285,0.3390625000000001
P0_5,302,55.07453302104451,0.5671875
P0_5,305,42.36198624155989,0.13125
P0_5,307,49.12542231493085,0.28593750000000023
P0_5,308,41.14285772273138,0.11406250000000002
P0_5,312,48.38258615483952,0.2625000000000003
P0_5,314,43.52182518111363,0.15000000000000005
P0_5,316,48.83586584755839,0.2765624999999999
P0_5,318,49.21983508838253,0.28906250000000006
P0_5,320,51.62419704709684,0.3812499999999999
P0_5,321,43.70092203417215,0.15312499999999996
P0_5,323,45.60359713381722,0.19062499999999993
P0_5,324,45.88381142267352,0.19687500000000005
P0_5,325,45.81460078048338,0.19531249999999994
P0_5,326,44.300186501721015,0.16406249999999994
P0_5,329,43.33895759231624,0.14687500000000023
P0_5,331,41.938200260161125,0.12499999999999994
P0_5,338,54.27296039583663,0.5171874999999997
P0_5,341,42.76605396332563,0.13750000000000004
P0_5,343,41.02305044894763,0.11250000000000004
P0_5,344,44.86076097372589,0.175
P0_5,346,41.26103491494178,0.11562500000000003
P0_5,348,43.70092203417215,0.15312499999999996
P0_5,350,46.983121269623496,0.2234375000000001
P0_5,351,42.864200653220514,0.13906250000000003
P0_5,352,42.25796236784373,0.12968749999999998
P0_5,355,46.15526756645899,0.20312499999999992
P0_5,356,50.02632127858652,0.3171875000000001
P0_5,357,41.37762578815626,0.11718750000000004
P0_5,359,42.961250709108754,0.140625
P0_5,360,45.60359713381722,0.19062499999999993
P0_5,361,45.88381142267352,0.19687500000000005
P0_5,365,63.41256726708358,1.4812499999999997
P0_5,366,51.5885259922885,0.3796875
P0_5,367,45.952474939441394,0.19843750000000002
P0_5,369,47.04365036222725,0.2249999999999999
P0_5,370,52.78848458579421,0.4359375
P0_5,371,43.43087262609921,0.14843749999999997
P0_5,373,44.1331450144257,0.16093749999999998
P0_5,374,41.828942346131086,0.1234375
P0_5,376,42.25796236784373,0.12968749999999998
P0_5,377,47.95880017344075,0.24999999999999994
P0_5,383,40.267279231159634,0.10312500000000004
P0_5,387,46.41849648761841,0.2093750000000001
P0_5,390,47.62681493705152,0.24062500000000006
P0_5,392,42.36198624155989,0.13125
P0_5,395,40.39789657433879,0.10468750000000003
P0_5,396,42.864200653220514,0.13906250000000003
P0_5,397,43.96282799597511,0.15781250000000005
P0_5,399,47.04365036222725,0.2249999999999999
P0_5,400,50.195807429460615,0.3234375000000001
P0_5,401,51.76543413684658,0.38749999999999984
P0_5,402,42.864200653220514,0.13906250000000003
P0_5,404,53.331529506666506,0.4640625
P0_5,405,49.02997201770595,0.2828125000000001
P0_5,406,51.03509746033133,0.35624999999999984
P0_5,407,39.43942552799513,0.09374999999999997
P0_5,409,44.46407607402645,0.16718750000000007
P0_5,410,50.56547554334088,0.33750000000000024
P0_5,411,52.24242634671717,0.40937499999999993
P0_5,412,40.52657877444698,0.10624999999999998
P0_5,413,45.31404066644477,0.18437500000000007
P0_5,414,45.88381142267352,0.19687500000000005
P0_5,415,55.16972180536405,0.5734375
P0_5,416,41.14285772273138,0.11406250000000002
P0_5,418,55.80834243285146,0.6171875
P0_5,419,39.58299722053759,0.09531249999999995
P0_5,420,42.76605396332563,0.13750000000000004
P0_5,421,44.04840395556061,0.15937500000000002
P0_5,422,46.22182643343754,0.20468749999999994
P0_5,425,53.00372118290312,0.44687500000000024
P0_5,426,45.67450274911022,0.1921875000000001
P0_5,428,43.05722836674413,0.14218749999999997
P0_5,430,38.84016106044626,0.08749999999999998
P0_5,431,43.70092203417215,0.15312499999999996
P0_5,432,44.54487563006125,0.16874999999999993
P0_5,433,39.14496039158101,0.09062500000000004
P0_5,434,48.01291804095925,0.25156249999999997
P0_5,435,58.85565774544549,0.8765625000000006
P0_5,436,40.267279231159634,0.10312500000000004
P0_5,437,60.76594403523589,1.0921875000000005
P0_5,438,43.24605949140096,0.14531250000000007
P0_5,439,48.12015260840141,0.25468749999999996
P0_5,440,47.95880017344075,0.24999999999999994
P0_5,442,52.69458216162661,0.4312500000000001
P0_5,444,41.938200260161125,0.12499999999999994
P0_5,445,40.0,0.1
P0_5,446,48.93346113992011,0.27968749999999987
P0_5,448,51.14864011816514,0.3609374999999998
P0_5,449,50.9200508825495,0.3515624999999999
P0_5,452,41.37762578815626,0.11718750000000004
P0_5,453,43.52182518111363,0.15000000000000005
P0_5,454,41.14285772273138,0.11406250000000002
P0_5,455,42.464779034608114,0.13281250000000006
P0_5,457,45.53210792665126,0.18906249999999994
P0_5,458,42.25796236784373,0.12968749999999998
P0_5,459,43.87640052032226,0.15625000000000003
P0_5,462,48.43413461259573,0.2640625
P0_5,463,46.22182643343754,0.20468749999999994
P0_5,464,39.86321150939389,0.09843750000000001
P0_5,465,54.03351795423888,0.5031250000000005
P0_5,466,52.07506298694816,0.40156250000000054
P0_5,467,43.24605949140096,0.14531250000000007
P0_5,468,39.724234310287336,0.09687500000000003
P0_5,469,41.26103491494178,0.11562500000000003
P0_5,470,49.58754670047774,0.3015625000000001
P0_5,471,41.606215023771895,0.12031250000000002
P0_5,472,44.38251782561765,0.16562499999999974
P0_5,474,43.611835205647154,0.15156250000000002
P0_5,475,42.56636954519361,0.13437499999999994
P0_5,477,52.20921066708787,0.40781249999999997
P0_5,478,42.961250709108754,0.140625
P0_5,479,41.26103491494178,0.11562500000000003
P0_5,480,42.36198624155989,0.13125
P0_5,481,40.52657877444698,0.10624999999999998
P0_5,484,60.91379253491758,1.1109374999999997
P0_5,485,46.41849648761841,0.2093750000000001
P0_5,486,48.43413461259573,0.2640625
P0_5,489,45.090357327394486,0.17968749999999992
P0_5,493,51.62419704709684,0.3812499999999999
P0_5,494,40.90156749470376,0.11093749999999995
P0_5,495,43.05722836674413,0.14218749999999997
P0_5,496,49.4970678652768,0.2984374999999995
P0_5,499,47.683034483728086,0.2421875
P0_5,501,47.51327227921771,0.23750000000000007
P0_5,502,51.69510266238984,0.38437500000000024
P0_5,503,47.79439356850693,0.2453125
P0_5,504,52.04119982655925,0.40000000000000013
P0_5,505,41.606215023771895,0.12031250000000002
P0_6,1,38.84016106044626,0.08749999999999998
P0_6,2,57.75093949879519,0.7718749999999995
P0_6,5,69.62347597461718,3.0281249999999966
P0_6,6,42.961250709108754,0.140625
P0_6,8,43.15215706723336,0.14374999999999996
P0_6,9,40.0,0.1
P0_6,10,59.12997179487098,0.9046874999999999
P0_6,11,52.43909640089804,0.41875000000000023
P0_6,12,46.08819472630724,0.20156250000000017
P0_6,13,43.33895759231624,0.14687500000000023
P0_6,16,45.31404066644477,0.18437500000000007
P0_6,18,56.94065079582913,0.7031249999999999
P0_6,19,46.08819472630724,0.20156250000000017
P0_6,23,58.91736947671102,0.8828124999999996
P0_6,24,58.746595814890846,0.8656249999999995
P0_6,25,45.31404066644477,0.18437500000000007
P0_6,26,40.7783613206074,0.10937500000000017
P0_6,29,44.300186501721015,0.16406249999999994
P0_6,32,48.586969458473234,0.26874999999999993
P0_6,33,42.04610089789525,0.12656249999999997
P0_6,36,49.172756980512986,0.2875
P0_6,40,41.02305044894763,0.11250000000000004
P0_6,41,42.961250709108754,0.140625
P0_6,42,43.24605949140096,0.14531250000000007
P0_6,43,57.66257770279466,0.7640624999999994
P0_6,45,63.65649283429299,1.5234374999999996
P0_6,47,49.451472539378834,0.296875
P0_6,48,43.611835205647154,0.15156250000000002
P0_6,50,39.58299722053759,0.09531249999999995
P0_6,51,56.646185659415,0.6796875000000003
P0_6,52,44.04840395556061,0.15937500000000002
P0_6,53,48.33072994327392,0.26093750000000004
P0_6,54,43.87640052032226,0.15625000000000003
P0_6,58,48.06670081117488,0.2531250000000002
P0_6,61,45.090357327394486,0.17968749999999992
P0_6,62,46.983121269623496,0.2234375000000001
P0_6,63,47.45593946618564,0.23593749999999997
P0_6,64,44.54487563006125,0.16874999999999993
P0_6,68,43.05722836674413,0.14218749999999997
P0_6,70,55.33383256433186,0.5843749999999998
P0_6,72,47.51327227921771,0.23750000000000007
P0_6,73,46.6108118634504,0.2140625000000002
P0_6,74,39.43942552799513,0.09374999999999997
P0_6,75,62.97089633990352,1.4078124999999997
P0_6,76,47.45593946618564,0.23593749999999997
P0_6,77,41.14285772273138,0.11406250000000002
P0_6,79,43.87640052032226,0.15625000000000003
P0_6,80,46.6108118634504,0.2140625000000002
P0_6,81,64.30018650172102,1.6406249999999996
P0_6,82,46.28787914443925,0.2062499999999999
P0_6,83,43.87640052032226,0.15625000000000003
P0_6,84,47.79439356850693,0.2453125
P0_6,85,46.15526756645899,0.20312499999999992
P0_6,86,50.40311773889728,0.3312499999999999
P0_6,88,43.15215706723336,0.14374999999999996
P0_6,89,47.04365036222725,0.2249999999999999
P0_6,91,44.300186501721015,0.16406249999999994
P0_6,93,48.73716149404815,0.2734375000000003
P0_6,98,47.62681493705152,0.24062500000000006
P0_6,99,46.020599913279625,0.20000000000000004
P0_6,100,40.90156749470376,0.11093749999999995
P0_6,101,50.64553039241435,0.3406249999999999
P0_6,102,42.25796236784373,0.12968749999999998
P0_6,103,40.7783613206074,0.10937500000000017
P0_6,105,40.0,0.1
P0_6,107,40.52657877444698,0.10624999999999998
P0_6,110,43.70092203417215,0.15312499999999996
P0_6,112,44.7828600960554,0.17343749999999994
P0_6,114,54.11406773989975,0.5078125000000007
P0_6,116,50.56547554334088,0.33750000000000024
P0_6,117,55.89585843405722,0.6234374999999998
P0_6,118,55.8303042388325,0.6187499999999992
P0_6,120,49.02997201770595,0.2828125000000001
P0_6,121,40.52657877444698,0.10624999999999998
P0_6,125,54.53148810017221,0.5328124999999999
P0_6,126,44.7828600960554,0.17343749999999994
P0_6,128,45.60359713381722,0.19062499999999993
P0_6,130,48.43413461259573,0.2640625
P0_6,132,54.83189462807871,0.5515624999999998
P0_6,135,40.0,0.1
P0_6,137,45.74483422356696,0.19375000000000006
P0_6,139,42.36198624155989,0.13125
P0_6,140,40.267279231159634,0.10312500000000004
P0_6,141,46.08819472630724,0.20156250000000017
P0_6,142,42.04610089789525,0.12656249999999997
P0_6,144,43.87640052032226,0.15625000000000003
P0_6,146,39.58299722053759,0.09531249999999995
P0_6,147,44.300186501721015,0.16406249999999994
P0_6,150,53.4188256147155,0.46874999999999983
P0_6,151,39.86321150939389,0.09843750000000001
P0_6,152,66.06797145840999,2.010937499999998
P0_6,153,54.80725378988488,0.5500000000000004
P0_6,154,56.8630976945651,0.6968750000000002
P0_6,155,45.31404066644477,0.18437500000000007
P0_6,158,40.39789657433879,0.10468750000000003
P0_6,160,50.76424599402447,0.3453125
P0_6,165,52.59965346113738,0.42656250000000007
P0_6,166,44.54487563006125,0.16874999999999993
P0_6,169,44.38251782561765,0.16562499999999974
P0_6,170,39.86321150939389,0.09843750000000001
P0_6,172,52.56777860100623,0.4250000000000001
P0_6,173,47.79439356850693,0.2453125
P0_6,175,40.267279231159634,0.10312500000000004
P0_6,176,53.95221418146588,0.4984375
P0_6,177,39.86321150939389,0.09843750000000001
P0_6,179,38.36191791233803,0.08281249999999996
P0_6,185,56.04692119186613,0.6343749999999997
P0_6,186,41.37762578815626,0.11718750000000004
P0_6,187,46.983121269623496,0.2234375000000001
P0_6,188,56.362042437035626,0.6578125000000001
P0_6,189,57.22545957812134,0.7265625000000003
P0_6,190,41.606215023771895,0.12031250000000002
P0_6,192,37.85580060704263,0.07812499999999992
P0_6,193,55.7421218607314,0.6124999999999999
P0_6,197,47.95880017344075,0.24999999999999994
P0_6,199,44.70425422348676,0.171875
P0_6,203,42.864200653220514,0.13906250000000003
P0_6,204,47.90434300673128,0.24843749999999995
P0_6,205,41.14285772273138,0.11406250000000002
P0_6,207,50.36204962627611,0.3296875
P0_6,209,52.34131799905842,0.41406250000000017
P0_6,210,37.31835767903661,0.07343750000000003
P0_6,211,54.55692264144496,0.5343750000000005
P0_6,212,42.15267756799659,0.12812500000000004
P0_6,217,59.56874637297976,0.9515624999999999
P0_6,218,46.6108118634504,0.2140625000000002
P0_6,219,48.12015260840141,0.25468749999999996
P0_6,220,42.15267756799659,0.12812500000000004
P0_6,221,51.07311016712002,0.3578125
P0_6,224,46.22182643343754,0.20468749999999994
P0_6,226,38.52427571678163,0.08437500000000005
P0_6,228,40.7783613206074,0.10937500000000017
P0_6,230,44.21706730629786,0.16249999999999984
P0_6,231,50.27932624254333,0.3265624999999996
P0_6,233,43.43087262609921,0.14843749999999997
P0_6,234,52.40662574761376,0.4171874999999999
P0_6,235,43.05722836674413,0.14218749999999997
P0_6,236,38.02780404228098,0.0796875
P0_6,237,39.724234310287336,0.09687500000000003
P0_6,238,46.92216740798338,0.22187499999999993
P0_6,239,43.96282799597511,0.15781250000000005
P0_6,241,41.37762578815626,0.11718750000000004
P0_6,242,44.70425422348676,0.171875
P0_6,245,38.68365431020713,0.08593749999999999
P0_6,247,40.7783613206074,0.10937500000000017
P0_6,254,41.37762578815626,0.11718750000000004
P0_6,256,55.6530350322064,0.6062499999999996
P0_6,259,47.90434300673128,0.24843749999999995
P0_6,260,47.04365036222725,0.2249999999999999
P0_6,268,50.88136088700551,0.35000000000000003
P0_6,273,40.0,0.1
P0_6,275,50.02632127858652,0.3171875000000001
P0_6,276,52.20921066708787,0.40781249999999997
P0_6,280,53.81499348178656,0.490625
P0_6,281,45.88381142267352,0.19687500000000005
P0_6,284,45.74483422356696,0.19375000000000006
P0_6,286,44.04840395556061,0.15937500000000002
P0_6,287,40.7783613206074,0.10937500000000017
P0_6,288,47.73889248741149,0.24375000000000008
P0_6,289,55.47207245265846,0.5937500000000001
P0_6,290,41.718292574131866,0.12187500000000001
P0_6,292,53.84261159611427,0.4921875
P0_6,294,49.451472539378834,0.296875
P0_6,299,48.48537894788773,0.2656249999999999
P0_6,302,53.50525309036836,0.47343750000000034
P0_6,303,40.39789657433879,0.10468750000000003
P0_6,304,59.724234310287336,0.9687500000000002
P0_6,305,41.14285772273138,0.11406250000000002
P0_6,308,78.26799767459673,8.192187500000006
P0_6,309,57.75093949879519,0.7718749999999995
P0_6,310,39.58299722053759,0.09531249999999995
P0_6,311,41.828942346131086,0.1234375
P0_6,313,44.38251782561765,0.16562499999999974
P0_6,314,46.6108118634504,0.2140625000000002
P0_6,316,67.35177698305526,2.33125
P0_6,317,56.80447504478365,0.6921875000000001
P0_6,318,62.163263662711074,1.2828125000000001
P0_6,319,41.49267236593808,0.11874999999999991
P0_6,323,51.97307485272102,0.3968750000000001
P0_6,326,43.611835205647154,0.15156250000000002
P0_6,328,49.21983508838253,0.28906250000000006
P0_6,329,72.97329772049247,4.453125000000005
P0_6,330,57.46495845256463,0.7468750000000001
P0_6,331,43.611835205647154,0.15156250000000002
P0_6,332,46.983121269623496,0.2234375000000001
P0_6,334,38.36191791233803,0.08281249999999996
P0_6,336,56.94065079582913,0.7031249999999999
P0_6,338,43.96282799597511,0.15781250000000005
P0_6,339,44.93796938999065,0.17656249999999996
P0_6,340,60.99888940516826,1.1218749999999997
P0_6,341,45.81460078048338,0.19531249999999994
P0_6,343,49.21983508838253,0.28906250000000006
P0_6,344,51.29775776575698,0.3671874999999997
P0_6,345,49.63243511892678,0.3031250000000001
P0_6,346,43.96282799597511,0.15781250000000005
P0_6,348,39.29344075316514,0.09218750000000002
P0_6,350,43.15215706723336,0.14374999999999996
P0_6,351,45.46002544127475,0.18749999999999997
P0_6,352,50.23766721957749,0.32500000000000007
P0_6,354,44.300186501721015,0.16406249999999994
P0_6,355,53.95221418146588,0.4984375
P0_6,356,38.36191791233803,0.08281249999999996
P0_6,357,41.828942346131086,0.1234375
P0_6,358,48.88480056650014,0.2781250000000001
P0_6,362,39.43942552799513,0.09374999999999997
P0_6,363,52.59965346113738,0.42656250000000007
P0_6,365,40.65338233506736,0.10781249999999999
P0_6,367,46.020599913279625,0.20000000000000004
P0_6,368,40.7783613206074,0.10937500000000017
P0_6,370,43.05722836674413,0.14218749999999997
P0_6,372,48.98185062238838,0.28125000000000006
P0_6,373,45.46002544127475,0.18749999999999997
P0_6,374,49.172756980512986,0.2875
P0_6,376,45.090357327394486,0.17968749999999992
P0_6,377,41.718292574131866,0.12187500000000001
P0_6,379,72.54539639555418,4.2390625
P0_6,380,59.09991678343688,0.9015625
P0_6,381,40.13466765317936,0.10156249999999994
P0_6,382,40.267279231159634,0.10312500000000004
P0_6,384,57.71570257566946,0.7687499999999998
P0_6,387,54.682990016139726,0.5421874999999999
P0_6,388,38.99389763377208,0.08906249999999993
P0_6,390,64.37431972247195,1.6546874999999985
P0_6,391,46.92216740798338,0.22187499999999993
P0_6,393,46.35343333966397,0.20781250000000004
P0_6,394,48.38258615483952,0.2625000000000003
P0_6,395,39.43942552799513,0.09374999999999997
P0_6,396,42.464779034608114,0.13281250000000006
P0_6,397,41.606215023771895,0.12031250000000002
P0_6,398,43.05722836674413,0.14218749999999997
P0_6,399,54.97828949188864,0.5609374999999998
P0_6,402,48.12015260840141,0.25468749999999996
P0_6,403,43.611835205647154,0.15156250000000002
P0_6,406,43.33895759231624,0.14687500000000023
P0_6,407,63.52182518111363,1.5000000000000004
P0_6,408,48.78665387660526,0.27500000000000013
P0_6,410,59.32283465478065,0.9249999999999997
P0_6,411,46.54717868772661,0.21250000000000002
P0_6,412,46.92216740798338,0.22187499999999993
P0_6,414,55.80834243285146,0.6171875
P0_6,417,37.68032212089253,0.07656249999999996
P0_6,418,57.18802034068132,0.7234374999999997
P0_6,419,41.606215023771895,0.12031250000000002
P0_6,421,40.0,0.1
P0_6,423,45.24011775524549,0.18281250000000007
P0_6,427,48.43413461259573,0.2640625
P0_6,428,37.85580060704263,0.07812499999999992
P0_6,431,42.76605396332563,0.13750000000000004
P0_6,432,43.05722836674413,0.14218749999999997
P0_6,433,37.68032212089253,0.07656249999999996
P0_6,438,43.70092203417215,0.15312499999999996
P0_6,441,40.7783613206074,0.10937500000000017
P0_6,442,50.06900386884024,0.3187500000000004
P0_6,445,41.37762578815626,0.11718750000000004
P0_6,446,53.0340384550021,0.44843749999999966
P0_6,448,44.93796938999065,0.17656249999999996
P0_6,450,53.360725801847366,0.4656250000000002
P0_6,452,41.718292574131866,0.12187500000000001
P0_6,453,42.961250709108754,0.140625
P0_6,454,43.52182518111363,0.15000000000000005
P0_6,457,49.31323265105224,0.2921875000000001
P0_6,458,48.78665387660526,0.27500000000000013
P0_6,459,61.53826769183605,1.1937499999999983
P0_6,460,45.24011775524549,0.18281250000000007
P0_6,463,47.22274721528578,0.2296875
P0_6,465,43.33895759231624,0.14687500000000023
P0_6,466,49.31323265105224,0.2921875000000001
P0_6,468,53.38982428681085,0.4671875
P0_6,470,53.24334712856541,0.45937500000000053
P0_6,471,46.15526756645899,0.20312499999999992
P0_6,472,45.24011775524549,0.18281250000000007
P0_6,475,41.49267236593808,0.11874999999999991
P0_6,476,68.01291804095925,2.5156249999999996
P0_6,477,46.35343333966397,0.20781250000000004
P0_6,478,60.75350897278548,1.0906250000000008
P0_6,479,42.464779034608114,0.13281250000000006
P0_6,481,41.828942346131086,0.1234375
P0_6,482,67.93705826061647,2.4937499999999995
P0_6,483,51.29775776575698,0.3671874999999997
P0_6,484,66.83610693399837,2.1968750000000026
P0_6,485,42.961250709108754,0.140625
P0_6,486,39.43942552799513,0.09374999999999997
P0_6,488,39.86321150939389,0.09843750000000001
P0_6,490,45.67450274911022,0.1921875000000001
P0_6,491,42.36198624155989,0.13125
P0_6,492,48.06670081117488,0.2531250000000002
P0_6,493,39.86321150939389,0.09843750000000001
P0_6,494,46.6108118634504,0.2140625000000002
P0_6,496,57.59123529236753,0.7578124999999999
P0_6,497,41.938200260161125,0.12499999999999994
P0_6,498,43.52182518111363,0.15000000000000005
P0_6,499,43.24605949140096,0.14531250000000007
P0_6,500,45.88381142267352,0.19687500000000005
P0_6,503,59.51150801337163,0.9453124999999996
P0_6,504,41.718292574131866,0.12187500000000001
P0_6,505,40.7783613206074,0.10937500000000017
P0_6,506,57.9077602214408,0.7859375000000001
P0_6,507,54.73290905950585,0.5453124999999999
P0_6,509,47.04365036222725,0.2249999999999999
P0_6,510,45.952474939441394,0.19843750000000002
P0_6,511,51.65972220761291,0.38281250000000017
P0_6,513,44.1331450144257,0.16093749999999998
P0_6,514,44.7828600960554,0.17343749999999994
P0_6,515,50.99691766418471,0.35468749999999993
P0_6,516,51.97307485272102,0.3968750000000001
P0_6,517,50.195807429460615,0.3234375000000001
P0_6,519,52.942767321263005,0.4437499999999999
P0_6,521,45.01449754705171,0.1781250000000001
P0_6,522,44.38251782561765,0.16562499999999974
P0_6,523,45.53210792665126,0.18906249999999994
P0_6,524,38.84016106044626,0.08749999999999998
P0_6,525,60.76594403523589,1.0921875000000005
P0_6,526,44.1331450144257,0.16093749999999998
P0_6,527,41.49267236593808,0.11874999999999991
P0_6,529,46.6108118634504,0.2140625000000002
P0_6,530,49.21983508838253,0.28906250000000006
P0_6,531,50.76424599402447,0.3453125
P0_6,532,42.464779034608114,0.13281250000000006
P0_6,535,38.68365431020713,0.08593749999999999
P0_6,536,41.37762578815626,0.11718750000000004
P0_6,537,43.43087262609921,0.14843749999999997
P0_6,538,47.10376056502176,0.2265625
P0_6,540,39.724234310287336,0.09687500000000003
P0_6,542,41.938200260161125,0.12499999999999994
P0_6,543,43.33895759231624,0.14687500000000023
P0_6,544,50.72485413676638,0.34375000000000006
P0_6,546,47.28163482822141,0.23125000000000012
P0_6,547,65.44553688138811,1.8718749999999993
P0_6,548,43.70092203417215,0.15312499999999996
P0_6,549,52.04119982655925,0.40000000000000013
P0_6,550,48.01291804095925,0.25156249999999997
P0_6,551,44.1331450144257,0.16093749999999998
P0_6,555,67.59856811658636,2.3984375000000004
P0_6,556,43.96282799597511,0.15781250000000005
P0_6,558,71.90785743385118,3.9390625000000017
P0_6,559,47.10376056502176,0.2265625
P0_6,560,40.7783613206074,0.10937500000000017
P0_6,563,58.2298105803675,0.815625
P0_6,564,45.74483422356696,0.19375000000000006
P0_6,565,55.24043500166216,0.5781250000000008
P0_6,567,44.46407607402645,0.16718750000000007
P0_6,570,40.90156749470376,0.11093749999999995
P90_1,3,42.04610089789525,0.12656249999999997
P90_1,8,48.27856228112336,0.259375
P90_1,11,52.40662574761376,0.4171874999999999
P90_1,12,40.267279231159634,0.10312500000000004
P90_1,14,50.02632127858652,0.3171875000000001
P90_1,18,41.02305044894763,0.11250000000000004
P90_1,20,43.15215706723336,0.14374999999999996
P90_1,21,42.76605396332563,0.13750000000000004
P90_1,22,43.87640052032226,0.15625000000000003
P90_1,23,49.451472539378834,0.296875
P90_1,25,60.80314276291836,1.0968749999999998
P90_1,26,51.07311016712002,0.3578125
P90_1,27,42.56636954519361,0.13437499999999994
P90_1,30,45.81460078048338,0.19531249999999994
P90_1,31,41.49267236593808,0.11874999999999991
P90_1,35,43.611835205647154,0.15156250000000002
P90_1,37,42.864200653220514,0.13906250000000003
P90_1,39,45.952474939441394,0.19843750000000002
P90_1,40,39.43942552799513,0.09374999999999997
P90_1,43,41.718292574131866,0.12187500000000001
P90_1,44,40.65338233506736,0.10781249999999999
P90_1,45,45.952474939441394,0.19843750000000002
P90_1,46,41.938200260161125,0.12499999999999994
P90_1,48,40.0,0.1
P90_1,51,51.407939661452495,0.37187499999999996
P90_1,52,45.31404066644477,0.18437500000000007
P90_1,54,40.7783613206074,0.10937500000000017
P90_1,55,40.13466765317936,0.10156249999999994
P90_1,57,39.43942552799513,0.09374999999999997
P90_1,59,56.11086668046909,0.6390624999999995
P90_1,60,51.62419704709684,0.3812499999999999
P90_1,63,40.65338233506736,0.10781249999999999
P90_1,64,53.95221418146588,0.4984375
P90_1,65,49.172756980512986,0.2875
P90_1,67,49.89700043360188,0.3125000000000001
P90_1,68,44.46407607402645,0.16718750000000007
P90_1,69,53.53387219249733,0.47499999999999976
P90_1,70,48.78665387660526,0.27500000000000013
P90_1,71,51.29775776575698,0.3671874999999997
P90_1,72,46.92216740798338,0.22187499999999993
P90_1,73,47.28163482822141,0.23125000000000012
P90_1,75,61.48123603823186,1.1859374999999996
P90_1,82,41.02305044894763,0.11250000000000004
P90_1,86,44.54487563006125,0.16874999999999993
P90_1,87,41.718292574131866,0.12187500000000001
P90_1,89,44.04840395556061,0.15937500000000002
P90_1,90,41.606215023771895,0.12031250000000002
P90_1,95,52.66305439692751,0.42968749999999983
P90_1,96,50.76424599402447,0.3453125
P90_1,97,46.020599913279625,0.20000000000000004
P90_1,99,52.34131799905842,0.41406250000000017
P90_1,100,49.35955750559585,0.2937499999999999
P90_2,5,42.36198624155989,0.13125
P90_2,8,52.72599590161123,0.4328125000000002
P90_2,9,49.12542231493085,0.28593750000000023
P90_2,10,42.961250709108754,0.140625
P90_2,12,52.66305439692751,0.42968749999999983
P90_2,16,47.62681493705152,0.24062500000000006
P90_2,17,40.0,0.1
P90_2,19,46.67398224834699,0.215625
P90_2,25,42.76605396332563,0.13750000000000004
P90_2,32,41.49267236593808,0.11874999999999991
P90_2,34,40.90156749470376,0.11093749999999995
P90_2,37,53.95221418146588,0.4984375
P90_2,38,49.677092747572615,0.30468749999999994
P90_2,39,43.15215706723336,0.14374999999999996
P90_2,40,44.86076097372589,0.175
P90_2,41,46.79896123388701,0.2187499999999999
P90_2,45,42.76605396332563,0.13750000000000004
P90_2,47,48.01291804095925,0.25156249999999997
P90_2,49,43.78910441227325,0.15468749999999978
P90_2,53,47.683034483728086,0.2421875
P90_2,54,43.43087262609921,0.14843749999999997
P90_2,57,42.15267756799659,0.12812500000000004
P90_2,58,40.13466765317936,0.10156249999999994
P90_2,59,45.01449754705171,0.1781250000000001
P90_2,66,51.186160218140245,0.3624999999999999
P90_2,67,40.39789657433879,0.10468750000000003
P90_2,68,47.22274721528578,0.2296875
P90_2,70,46.48307589022238,0.21093750000000006
P90_2,72,44.7828600960554,0.17343749999999994
P90_2,73,45.88381142267352,0.19687500000000005
P90_2,74,52.75729643868378,0.434375
P90_2,75,41.606215023771895,0.12031250000000002
P90_2,77,47.84954225941071,0.24687500000000007
P90_2,81,41.828942346131086,0.1234375
P90_2,83,47.62681493705152,0.24062500000000006
P90_2,85,47.163457636011,0.22812500000000008
P90_2,86,42.464779034608114,0.13281250000000006
P90_2,88,44.04840395556061,0.15937500000000002
P90_2,90,45.38733974817287,0.18593749999999995
P90_2,92,47.73889248741149,0.24375000000000008
P90_2,94,42.56636954519361,0.13437499999999994
P90_2,95,54.03351795423888,0.5031250000000005
P90_2,96,44.04840395556061,0.15937500000000002
P90_2,97,42.961250709108754,0.140625
P90_2,98,48.226079404600384,0.25781250000000006
P90_2,101,59.68210380098709,0.9640624999999999
P90_2,102,51.444358539285005,0.3734375
P90_2,103,50.23766721957749,0.32500000000000007
P90_2,104,42.464779034608114,0.13281250000000006
P90_2,105,49.31323265105224,0.2921875000000001
P90_2,106,40.90156749470376,0.11093749999999995
P90_2,108,49.02997201770595,0.2828125000000001
P90_2,109,41.37762578815626,0.11718750000000004
P90_2,110,55.58561511049227,0.6015625
P90_2,111,47.73889248741149,0.24375000000000008
P90_2,112,46.983121269623496,0.2234375000000001
P90_2,114,62.546146277296366,1.3406249999999997
P90_2,115,53.61916802986599,0.47968750000000016
P90_2,116,42.15267756799659,0.12812500000000004
P90_2,117,59.21951784196587,0.9140625000000001
P90_2,118,52.07506298694816,0.40156250000000054
P90_2,119,50.44399258909701,0.3328125
P90_2,120,68.63732258289816,2.703125000000001
P90_2,121,59.15992316812887,0.9078125000000001
P90_2,122,67.13366038676078,2.273437500000001
P90_2,123,56.94065079582913,0.7031249999999999
P90_2,124,45.88381142267352,0.19687500000000005
P90_2,127,57.48311078861352,0.7484375000000002
P90_2,128,48.93346113992011,0.27968749999999987
P90_2,129,45.67450274911022,0.1921875000000001
P90_2,131,61.938200260161125,1.2499999999999996
P90_2,132,51.80038746223698,0.3890625000000001
P90_2,133,67.22865397487286,2.298437499999999
P90_2,134,58.94806169818039,0.8859374999999999
P90_2,135,44.1331450144257,0.16093749999999998
P90_2,138,53.73160830085901,0.4859375000000001
P90_2,139,42.864200653220514,0.13906250000000003
P90_2,143,44.300186501721015,0.16406249999999994
P90_2,144,47.95880017344075,0.24999999999999994
P90_2,147,42.36198624155989,0.13125
P90_2,148,56.88255098296098,0.6984374999999997
P90_2,149,46.92216740798338,0.22187499999999993
P90_2,150,46.860782773429854,0.22031249999999994
P90_2,151,55.4491847196837,0.5921875
P90_2,152,42.864200653220514,0.13906250000000003
P90_2,153,56.82405992261465,0.6937499999999999
P90_2,154,43.43087262609921,0.14843749999999997
P90_2,156,57.78603405012621,0.7750000000000005
P90_2,157,47.22274721528578,0.2296875
P90_2,158,46.6108118634504,0.2140625000000002
P90_2,159,58.42722566089338,0.834374999999999
P90_2,160,44.93796938999065,0.17656249999999996
P90_2,161,59.80788718453085,0.978125
P90_2,162,50.27932624254333,0.3265624999999996
P90_2,163,46.92216740798338,0.22187499999999993
P90_2,164,64.34144971299648,1.6484374999999982
P90_2,165,54.78254284963874,0.5484374999999999
P90_2,166,46.6108118634504,0.2140625000000002
P90_2,168,48.53632272816533,0.2671874999999999
P90_2,170,57.68032212089253,0.7656249999999997
P90_2,171,50.56547554334088,0.33750000000000024
P90_2,172,56.646185659415,0.6796875000000003
P90_2,173,49.4970678652768,0.2984374999999995
P90_2,174,44.93796938999065,0.17656249999999996
P90_2,176,54.35132985655355,0.5218750000000002
P90_2,177,40.65338233506736,0.10781249999999999
P90_2,179,54.42899853774903,0.5265625
P90_2,180,45.31404066644477,0.18437500000000007
P90_2,183,61.83993019027579,1.2359375
P90_2,184,48.226079404600384,0.25781250000000006
P90_2,187,57.42853957473212,0.74375
P90_2,188,46.92216740798338,0.22187499999999993
P90_2,189,54.65792249617778,0.5406249999999998
P90_2,190,44.21706730629786,0.16249999999999984
P90_2,191,59.249162545274544,0.9171875000000002
P90_2,192,48.48537894788773,0.2656249999999999
P90_2,193,53.44773043219912,0.47031249999999986
P90_2,194,39.43942552799513,0.09374999999999997
P90_2,195,68.30990046173764,2.603125000000003
P90_2,196,57.82098737551661,0.7781250000000003
P90_2,197,46.67398224834699,0.215625
P90_2,199,40.13466765317936,0.10156249999999994
P90_2,200,39.724234310287336,0.09687500000000003
P90_2,201,42.04610089789525,0.12656249999999997
P90_2,202,54.50597886116736,0.5312499999999998
P90_2,203,42.961250709108754,0.140625
P90_2,204,45.46002544127475,0.18749999999999997
P90_2,205,54.78254284963874,0.5484374999999999
P90_2,206,45.38733974817287,0.18593749999999995
P90_2,207,48.88480056650014,0.2781250000000001
P90_2,208,40.7783613206074,0.10937500000000017
P90_2,209,57.85580060704263,0.78125
P90_2,210,48.33072994327392,0.26093750000000004
P90_2,211,61.38919926040562,1.1734374999999992
P90_2,212,53.78728727125122,0.4890624999999999
P90_2,214,52.471446120370416,0.42031250000000014
P90_2,215,42.864200653220514,0.13906250000000003
P90_2,216,50.88136088700551,0.35000000000000003
P90_2,217,41.49267236593808,0.11874999999999991
P90_2,219,54.73290905950585,0.5453124999999999
P90_2,220,42.25796236784373,0.12968749999999998
P90_2,222,45.38733974817287,0.18593749999999995
P90_2,223,57.993674766000645,0.7937500000000003
P90_2,224,48.53632272816533,0.2671874999999999
P90_2,225,62.25796236784373,1.2968749999999998
P90_2,226,54.29916219440298,0.51875
P90_2,227,59.86321150939389,0.9843750000000002
P90_2,229,49.172756980512986,0.2875
P90_2,230,58.58837851428586,0.8500000000000003
P90_2,231,46.860782773429854,0.22031249999999994
P90_2,232,61.36603687431158,1.1703124999999994
P90_2,233,51.26071766852512,0.3656250000000002
P90_2,234,52.75729643868378,0.434375
P90_2,235,42.66678557269462,0.13593749999999993
P90_2,236,66.20855540008722,2.0437499999999984
P90_2,237,55.9392879727259,0.6265624999999999
P90_2,238,47.95880017344075,0.24999999999999994
P90_2,239,40.267279231159634,0.10312500000000004
P90_2,240,60.17466414582373,1.0203125
P90_2,241,50.60559519729285,0.3390625000000001
P90_2,242,56.04692119186613,0.6343749999999997
P90_2,243,48.12015260840141,0.25468749999999996
P90_2,244,44.38251782561765,0.16562499999999974
P90_2,245,67.29336459318844,2.3156249999999994
P90_2,246,59.62561001069056,0.9578125000000002
P90_2,247,41.718292574131866,0.12187500000000001
P90_2,248,44.624930479134726,0.17031249999999992
P90_2,249,50.27932624254333,0.3265624999999996
P90_2,250,48.83586584755839,0.2765624999999999
P90_2,252,48.93346113992011,0.27968749999999987
P90_2,254,56.04692119186613,0.6343749999999997
P90_2,255,44.70425422348676,0.171875
P90_2,256,47.95880017344075,0.24999999999999994
P90_2,258,63.236714800195095,1.4515625000000005
P90_2,259,54.95406105319974,0.5593749999999997
P90_2,260,47.62681493705152,0.24062500000000006
P90_2,262,69.92301909401024,3.1343749999999995
P90_2,263,46.28787914443925,0.2062499999999999
P90_2,264,60.436701804801785,1.0515624999999995
P90_2,265,55.7642515278308,0.6140625000000006
P90_2,266,43.15215706723336,0.14374999999999996
P90_2,267,47.04365036222725,0.2249999999999999
P90_2,268,59.71021350072461,0.9671874999999995
P90_2,269,50.44399258909701,0.3328125
P90_2,270,48.637322582898165,0.2703125000000001
P90_2,272,68.62224727167143,2.6984374999999985
P90_2,274,45.88381142267352,0.19687500000000005
P90_2,275,49.94032166873203,0.3140624999999999
P90_2,276,40.52657877444698,0.10624999999999998
P90_2,277,56.94065079582913,0.7031249999999999
P90_2,278,46.48307589022238,0.21093750000000006
P90_2,279,61.751635761481126,1.2234375000000004
P90_2,280,49.89700043360188,0.3125000000000001
P90_2,282,67.163457636011,2.281250000000001
P90_2,283,44.1331450144257,0.16093749999999998
P90_2,284,68.57180642354058,2.6828124999999963
P90_2,286,58.82463667805072,0.8734374999999999
P90_2,287,48.53632272816533,0.2671874999999999
P90_2,290,58.71518207490624,0.8625000000000003
P90_2,291,48.27856228112336,0.259375
P90_2,292,54.42899853774903,0.5265625
P90_2,293,40.90156749470376,0.11093749999999995
P90_2,295,59.11495728873284,0.9031250000000002
P90_2,296,48.637322582898165,0.2703125000000001
P90_2,298,53.12436047830138,0.45312500000000006
P90_2,299,46.28787914443925,0.2062499999999999
P90_2,300,60.59021195017077,1.0703124999999998
P90_2,302,40.90156749470376,0.11093749999999995
P90_2,303,50.06900386884024,0.3187500000000004
P90_2,304,47.28163482822141,0.23125000000000012
P90_2,306,64.10780939226781,1.6046874999999976
P90_2,307,53.50525309036836,0.47343750000000034
P90_2,308,55.07453302104451,0.5671875
P90_2,309,46.22182643343754,0.20468749999999994
P90_2,311,51.14864011816514,0.3609374999999998
P90_2,314,52.142395801947295,0.40468750000000014
P90_2,316,55.54037599969472,0.5984375000000003
P90_2,317,46.79896123388701,0.2187499999999999
P90_2,318,63.45825853308878,1.4890624999999997
P90_2,319,44.93796938999065,0.17656249999999996
P90_2,321,51.55270783993088,0.37812499999999993
P90_2,322,53.89758576467728,0.49531249999999977
P90_2,323,43.24605949140096,0.14531250000000007
P90_2,324,59.55447210577695,0.9499999999999996
P90_2,325,49.94032166873203,0.3140624999999999
P90_2,326,71.65262878979273,3.8249999999999993
P90_2,327,62.76605396332563,1.3750000000000007
P90_2,328,58.73090314641623,0.8640625000000011
P90_2,329,46.860782773429854,0.22031249999999994
P90_2,330,54.0873007244545,0.50625
P90_2,331,52.17586747973861,0.4062499999999999
P90_2,332,44.04840395556061,0.15937500000000002
P90_2,333,53.18405754929063,0.4562500000000002
P90_2,334,41.718292574131866,0.12187500000000001
P90_2,337,53.75949240069112,0.48750000000000066
P90_2,338,40.13466765317936,0.10156249999999994
P90_2,340,62.80544582058372,1.3812500000000003
P90_2,341,51.83520069376301,0.39062499999999994
P90_2,343,42.864200653220514,0.13906250000000003
P90_2,344,68.50069347957428,2.6609375
P90_2,345,47.10376056502176,0.2265625
P90_2,347,67.38663678759121,2.3406250000000015
P90_2,348,49.451472539378834,0.296875
P90_2,349,55.09842819330338,0.56875
P90_2,350,45.60359713381722,0.19062499999999993
P90_2,351,64.43154461413332,1.6656249999999977
P90_2,352,46.79896123388701,0.2187499999999999
P90_2,354,59.48274676312528,0.9421874999999991
P90_2,355,50.32078641500064,0.3281249999999999
P90_2,356,41.49267236593808,0.11874999999999991
P90_2,357,67.94249884309193,2.495312500000004
P90_2,358,59.21951784196587,0.9140625000000001
P90_2,359,62.12084165097057,1.2765625000000003
P90_2,360,47.04365036222725,0.2249999999999999
P90_2,361,61.48123603823186,1.1859374999999996
P90_2,362,52.942767321263005,0.4437499999999999
P90_2,364,57.53734128509925,0.7531250000000003
P90_2,365,47.95880017344075,0.24999999999999994
P90_2,366,73.40723670087084,4.681250000000004
P90_2,368,64.54487563006124,1.6874999999999976
P90_2,369,59.32283465478065,0.9249999999999997
P90_2,370,56.60615844738956,0.6765624999999996
P90_2,372,55.80834243285146,0.6171875
P90_2,373,44.1331450144257,0.16093749999999998
P90_2,374,69.11592434827851,2.8562499999999997
P90_2,375,57.410272712819584,0.7421874999999998
P90_2,376,46.73669652540416,0.2171875000000002
P90_2,377,63.199235175102906,1.4453125
P90_2,378,43.52182518111363,0.15000000000000005
P90_2,379,42.66678557269462,0.13593749999999993
P90_2,380,49.12542231493085,0.28593750000000023
P90_2,381,44.624930479134726,0.17031249999999992
P90_2,382,65.86310607404141,1.9640625000000005
P90_2,383,44.86076097372589,0.175
P90_2,384,43.52182518111363,0.15000000000000005
P90_2,385,62.98053127116109,1.409375
P90_2,386,45.01449754705171,0.1781250000000001
P90_2,387,74.06045096694432,5.046875000000002
P90_2,388,63.60287606133756,1.5140624999999996
P90_2,389,50.84249778128547,0.34843750000000007
P90_2,391,58.14621138220111,0.8078125
P90_2,393,54.03351795423888,0.5031250000000005
P90_2,395,75.91760034688151,6.250000000000009
P90_2,396,54.63278242178774,0.5390624999999999
P90_2,397,45.60359713381722,0.19062499999999993
P90_2,398,54.0873007244545,0.50625
P90_2,399,57.48311078861352,0.7484375000000002
P90_2,400,53.24334712856541,0.45937500000000053
P90_2,402,39.29344075316514,0.09218750000000002
P90_2,403,68.66739493713172,2.712499999999999
P90_2,404,59.42493696810849,0.9359375000000004
P90_2,405,52.142395801947295,0.40468750000000014
P90_2,406,54.88096758142413,0.5546874999999998
P90_2,409,40.90156749470376,0.11093749999999995
P90_2,413,38.52427571678163,0.08437500000000005
P90_2,414,48.38258615483952,0.2625000000000003
P90_2,415,48.27856228112336,0.259375
P90_2,417,46.08819472630724,0.20156250000000017
P90_2,418,45.81460078048338,0.19531249999999994
P90_2,419,42.25796236784373,0.12968749999999998
P90_2,421,42.15267756799659,0.12812500000000004
P90_2,422,40.52657877444698,0.10624999999999998
P90_2,424,40.39789657433879,0.10468750000000003
P90_2,425,41.49267236593808,0.11874999999999991
P90_3,2,40.90156749470376,0.11093749999999995
P90_3,3,46.73669652540416,0.2171875000000002
P90_3,6,52.04119982655925,0.40000000000000013
P90_3,10,46.35343333966397,0.20781250000000004
P90_3,11,43.24605949140096,0.14531250000000007
P90_3,15,45.01449754705171,0.1781250000000001
P90_3,26,52.85052691842385,0.4390625
P90_3,27,44.1331450144257,0.16093749999999998
P90_3,28,50.685282817124616,0.3421874999999998
P90_3,29,51.65972220761291,0.38281250000000017
P90_3,32,46.860782773429854,0.22031249999999994
P90_3,35,41.37762578815626,0.11718750000000004
P90_3,36,44.624930479134726,0.17031249999999992
P90_3,37,43.78910441227325,0.15468749999999978
P90_3,41,42.961250709108754,0.140625
P90_3,42,64.93027935882162,1.7640625000000023
P90_3,43,41.26103491494178,0.11562500000000003
P90_3,44,46.54717868772661,0.21250000000000002
P90_3,45,44.86076097372589,0.175
P90_3,51,44.300186501721015,0.16406249999999994
P90_3,53,54.29916219440298,0.51875
P90_3,56,42.864200653220514,0.13906250000000003
P90_3,58,41.718292574131866,0.12187500000000001
P90_3,61,47.39822570143589,0.23437500000000033
P90_3,71,51.86987494994302,0.39218749999999997
P90_3,73,54.37729666105916,0.5234375
P90_3,74,41.718292574131866,0.12187500000000001
P90_3,79,47.683034483728086,0.2421875
P90_3,80,48.637322582898165,0.2703125000000001
P90_3,81,44.38251782561765,0.16562499999999974
P90_3,86,60.38492287567871,1.0453124999999996
P90_3,87,42.15267756799659,0.12812500000000004
P90_3,89,40.267279231159634,0.10312500000000004
P90_3,90,58.50817582405704,0.8421875000000011
P90_3,91,52.00720412900136,0.39843749999999994
P90_3,96,42.864200653220514,0.13906250000000003
P90_3,105,40.13466765317936,0.10156249999999994
P90_3,112,45.31404066644477,0.18437500000000007
P90_3,114,44.86076097372589,0.175
P90_3,115,43.611835205647154,0.15156250000000002
P90_3,116,47.683034483728086,0.2421875
P90_3,118,48.38258615483952,0.2625000000000003
P90_3,119,55.78632495683374,0.6156250000000002
P90_3,123,59.23435284068407,0.9156249999999996
P90_3,124,54.83189462807871,0.5515624999999998
P90_3,125,44.7828600960554,0.17343749999999994
P90_3,126,42.66678557269462,0.13593749999999993
P90_3,127,49.58754670047774,0.3015625000000001
P90_3,128,53.38982428681085,0.4671875
P90_3,129,46.08819472630724,0.20156250000000017
P90_3,131,51.22351894084264,0.3640625
P90_3,132,55.002450535668,0.5624999999999996
P90_3,133,52.17586747973861,0.4062499999999999
P90_3,134,49.35955750559585,0.2937499999999999
P90_3,136,53.00372118290312,0.44687500000000024
P90_3,137,49.31323265105224,0.2921875000000001
P90_3,138,50.99691766418471,0.35468749999999993
P90_3,139,50.9200508825495,0.3515624999999999
P90_3,140,58.55638625108999,0.8468749999999996
P90_3,141,43.15215706723336,0.14374999999999996
P90_3,142,54.27296039583663,0.5171874999999997
P90_3,144,60.88932522398359,1.1078125000000003
P90_3,147,67.86601881756938,2.4734375000000033
P90_3,148,46.6108118634504,0.2140625000000002
P90_3,155,54.32528519044865,0.5203125
P90_3,156,51.90441133595314,0.39375000000000016
P90_3,157,47.28163482822141,0.23125000000000012
P90_3,158,54.95406105319974,0.5593749999999997
P90_3,159,46.48307589022238,0.21093750000000006
P90_3,162,56.27912161979741,0.6515625000000003
P90_3,163,52.3740332529436,0.41562500000000013
P90_3,166,51.93881094383862,0.3953125000000002
P90_3,167,54.16735557352798,0.5109375
P90_3,169,58.88656841734918,0.8796875000000003
P90_3,170,38.02780404228098,0.0796875
P90_3,171,64.54487563006124,1.6874999999999976
P90_3,175,54.42899853774903,0.5265625
P90_3,176,55.050571930985576,0.5656250000000003
P90_3,177,52.40662574761376,0.4171874999999999
P90_3,180,47.73889248741149,0.24375000000000008
P90_3,181,43.96282799597511,0.15781250000000005
P90_3,183,50.99691766418471,0.35468749999999993
P90_3,184,49.21983508838253,0.28906250000000006
P90_3,185,57.0366284534645,0.7109374999999998
P90_3,187,45.81460078048338,0.19531249999999994
P90_3,188,62.12084165097057,1.2765625000000003
P90_3,189,41.606215023771895,0.12031250000000002
P90_3,190,57.75093949879519,0.7718749999999995
P90_3,192,74.3876616857236,5.240625000000002
P90_3,193,54.4803944843839,0.5296875
P90_3,194,66.02738311521598,2.0015625
P90_3,195,45.952474939441394,0.19843750000000002
P90_3,196,58.65201169000965,0.8562500000000011
P90_3,199,44.70425422348676,0.171875
P90_3,203,44.21706730629786,0.16249999999999984
P90_3,204,66.41849648761841,2.093750000000001
P90_3,205,46.28787914443925,0.2062499999999999
P90_3,208,55.07453302104451,0.5671875
P90_3,209,52.503675803502006,0.42187500000000017
P90_3,211,44.1331450144257,0.16093749999999998
P90_3,212,49.76572504355411,0.30781250000000004
P90_3,213,45.24011775524549,0.18281250000000007
P90_3,215,63.51277266373553,1.4984375000000003
P90_3,218,63.611835205647154,1.515625
P90_3,219,44.54487563006125,0.16874999999999993
P90_3,220,42.66678557269462,0.13593749999999993
P90_3,221,52.56777860100623,0.4250000000000001
P90_3,222,50.9200508825495,0.3515624999999999
P90_3,224,48.226079404600384,0.25781250000000006
P90_3,225,54.58228292117767,0.5359375000000005
P90_3,226,52.30847905771888,0.41249999999999987
P90_3,227,50.44399258909701,0.3328125
P90_3,228,42.76605396332563,0.13750000000000004
P90_3,231,51.33464057972439,0.3687500000000002
P90_3,232,49.94032166873203,0.3140624999999999
P90_3,234,53.331529506666506,0.4640625
P90_3,235,52.56777860100623,0.4250000000000001
P90_3,236,65.5392833831833,1.892187500000001
P90_3,237,47.51327227921771,0.23750000000000007
P90_3,238,72.26890773807712,4.10625
P90_3,239,50.36204962627611,0.3296875
P90_3,240,52.10879463958686,0.403125
P90_3,241,46.54717868772661,0.21250000000000002
P90_3,242,71.27184629226151,3.660937500000003
P90_3,243,46.35343333966397,0.20781250000000004
P90_3,244,53.06425027550687,0.44999999999999984
P90_3,246,44.86076097372589,0.175
P90_3,247,49.07782828002375,0.28437499999999993
P90_3,248,54.27296039583663,0.5171874999999997
P90_3,250,49.35955750559585,0.2937499999999999
P90_3,252,45.24011775524549,0.18281250000000007
P90_3,253,52.85052691842385,0.4390625
P90_3,255,41.718292574131866,0.12187500000000001
P90_3,258,41.02305044894763,0.11250000000000004
P90_3,259,39.43942552799513,0.09374999999999997
P90_3,260,68.64234187783013,2.704687500000001
P90_3,261,49.451472539378834,0.296875
P90_3,262,54.55692264144496,0.5343750000000005
P90_3,264,48.173277481276216,0.2562500000000001
P90_3,265,49.21983508838253,0.28906250000000006
P90_3,266,50.06900386884024,0.3187500000000004
P0_90_1,1,46.35343333966397,0.20781250000000004
P0_90_1,2,52.53578633781038,0.4234375000000002
P0_90_1,6,38.52427571678163,0.08437500000000005
P0_90_1,7,42.04610089789525,0.12656249999999997
P0_90_1,12,52.10879463958686,0.403125
P0_90_1,13,41.37762578815626,0.11718750000000004
P0_90_1,14,40.0,0.1
P0_90_1,16,50.60559519729285,0.3390625000000001
P0_90_1,19,41.14285772273138,0.11406250000000002
P0_90_1,20,45.38733974817287,0.18593749999999995
P0_90_1,22,42.464779034608114,0.13281250000000006
P0_90_1,23,40.0,0.1
P0_90_1,24,46.28787914443925,0.2062499999999999
P0_90_1,26,40.52657877444698,0.10624999999999998
P0_90_1,27,44.46407607402645,0.16718750000000007
P0_90_1,30,46.48307589022238,0.21093750000000006
P0_90_1,32,40.90156749470376,0.11093749999999995
P0_90_1,40,47.73889248741149,0.24375000000000008
P0_90_1,41,45.88381142267352,0.19687500000000005
P0_90_1,43,45.67450274911022,0.1921875000000001
P0_90_1,46,57.42853957473212,0.74375
P0_90_1,47,51.29775776575698,0.3671874999999997
P0_90_1,48,47.73889248741149,0.24375000000000008
P0_90_1,50,42.961250709108754,0.140625
P0_90_1,51,39.724234310287336,0.09687500000000003
P0_90_1,52,45.01449754705171,0.1781250000000001
P0_90_1,53,45.46002544127475,0.18749999999999997
P0_90_1,55,43.78910441227325,0.15468749999999978
P0_90_1,56,46.67398224834699,0.215625
P0_90_1,58,49.12542231493085,0.28593750000000023
P0_90_1,63,48.53632272816533,0.2671874999999999
P0_90_1,68,44.624930479134726,0.17031249999999992
P0_90_1,69,48.43413461259573,0.2640625
P0_90_1,70,49.451472539378834,0.296875
P0_90_1,73,46.983121269623496,0.2234375000000001
P0_90_1,74,50.56547554334088,0.33750000000000024
P0_90_1,76,48.586969458473234,0.26874999999999993
P0_90_1,77,46.860782773429854,0.22031249999999994
P0_90_1,78,49.76572504355411,0.30781250000000004
P0_90_1,79,45.31404066644477,0.18437500000000007
P0_90_1,81,41.938200260161125,0.12499999999999994
P0_90_1,82,43.24605949140096,0.14531250000000007
P0_90_1,83,41.49267236593808,0.11874999999999991
P0_90_1,85,66.39902866556194,2.0890624999999994
P0_90_1,86,43.96282799597511,0.15781250000000005
P0_90_1,87,41.14285772273138,0.11406250000000002
P0_90_1,88,46.73669652540416,0.2171875000000002
P0_90_1,89,40.7783613206074,0.10937500000000017
P0_90_1,91,52.503675803502006,0.42187500000000017
P0_90_1,92,40.52657877444698,0.10624999999999998
P0_90_1,93,58.65201169000965,0.8562500000000011
P0_90_1,95,40.52657877444698,0.10624999999999998
P0_90_1,96,50.76424599402447,0.3453125
P0_90_1,97,42.04610089789525,0.12656249999999997
P0_90_1,98,42.25796236784373,0.12968749999999998
P0_90_1,102,44.7828600960554,0.17343749999999994
P0_90_1,106,45.53210792665126,0.18906249999999994
P0_90_1,107,51.73033958551557,0.38593750000000016
P0_90_1,109,49.98342790925473,0.3156249999999998
P0_90_1,110,50.84249778128547,0.34843750000000007
P0_90_1,111,46.08819472630724,0.20156250000000017
P0_90_1,113,41.37762578815626,0.11718750000000004
P0_90_1,114,50.153744927705326,0.32187499999999997
P0_90_1,115,45.74483422356696,0.19375000000000006
P0_90_1,116,46.28787914443925,0.2062499999999999
P0_90_1,118,40.39789657433879,0.10468750000000003
P0_90_1,123,49.98342790925473,0.3156249999999998
P0_90_1,124,41.14285772273138,0.11406250000000002
P0_90_1,125,44.70425422348676,0.171875
P0_90_1,126,48.73716149404815,0.2734375000000003
P0_90_1,130,62.11020369539949,1.2750000000000021
P0_90_1,131,41.49267236593808,0.11874999999999991
P0_90_1,132,42.864200653220514,0.13906250000000003
P0_90_1,133,40.0,0.1
P0_90_1,134,44.21706730629786,0.16249999999999984
P0_90_1,136,48.01291804095925,0.25156249999999997
P0_90_1,139,47.57022913667424,0.23906250000000034
P0_90_1,141,53.56239730725797,0.47656249999999967
P0_90_1,144,44.93796938999065,0.17656249999999996
P0_90_1,145,52.69458216162661,0.4312500000000001
P0_90_1,146,42.36198624155989,0.13125
P0_90_1,148,50.27932624254333,0.3265624999999996
P0_90_1,150,47.95880017344075,0.24999999999999994
P0_90_1,151,46.983121269623496,0.2234375000000001
P0_90_1,153,40.52657877444698,0.10624999999999998
P0_90_1,156,46.020599913279625,0.20000000000000004
P0_90_1,159,47.22274721528578,0.2296875
P0_90_1,162,40.267279231159634,0.10312500000000004
P0_90_1,164,53.590829049953854,0.47812499999999974
P0_90_1,171,42.15267756799659,0.12812500000000004
P0_90_1,174,47.73889248741149,0.24375000000000008
P0_90_1,175,50.99691766418471,0.35468749999999993
P0_90_1,176,44.46407607402645,0.16718750000000007
P0_90_1,177,40.13466765317936,0.10156249999999994
P0_90_1,178,43.43087262609921,0.14843749999999997
P0_90_1,181,47.10376056502176,0.2265625
P0_90_1,183,49.58754670047774,0.3015625000000001
P0_90_1,185,41.718292574131866,0.12187500000000001
P0_90_1,186,39.86321150939389,0.09843750000000001
P0_90_1,187,39.86321150939389,0.09843750000000001
P0_90_1,188,47.57022913667424,0.23906250000000034
P0_90_1,189,53.53387219249733,0.47499999999999976
P0_90_1,190,38.52427571678163,0.08437500000000005
P0_90_1,193,44.70425422348676,0.171875
P0_90_1,194,44.38251782561765,0.16562499999999974
P0_90_1,196,52.04119982655925,0.40000000000000013
P0_90_1,197,44.93796938999065,0.17656249999999996
P0_90_1,198,42.04610089789525,0.12656249999999997
P0_90_1,200,51.86987494994302,0.39218749999999997
P0_90_1,201,42.25796236784373,0.12968749999999998
P0_90_1,203,52.34131799905842,0.41406250000000017
P0_90_1,205,40.65338233506736,0.10781249999999999
P0_90_1,206,42.961250709108754,0.140625
P0_90_1,207,39.29344075316514,0.09218750000000002
P0_90_1,208,42.464779034608114,0.13281250000000006
P0_90_1,211,41.718292574131866,0.12187500000000001
P0_90_1,215,41.606215023771895,0.12031250000000002
P0_90_1,218,52.40662574761376,0.4171874999999999
P0_90_1,221,49.76572504355411,0.30781250000000004
P0_90_1,222,39.14496039158101,0.09062500000000004
P0_90_1,223,45.67450274911022,0.1921875000000001
P0_90_1,225,46.15526756645899,0.20312499999999992
P0_90_1,228,45.01449754705171,0.1781250000000001
P0_90_1,229,48.173277481276216,0.2562500000000001
P0_90_1,230,42.36198624155989,0.13125
P0_90_1,231,53.154260300040406,0.4546875000000002
P0_90_1,232,40.90156749470376,0.11093749999999995
P0_90_1,234,49.02997201770595,0.2828125000000001
P0_90_1,236,47.10376056502176,0.2265625
P0_90_1,237,47.683034483728086,0.2421875
P0_90_1,239,43.78910441227325,0.15468749999999978
P0_90_1,241,43.15215706723336,0.14374999999999996
P0_90_1,242,45.67450274911022,0.1921875000000001
P0_90_1,243,42.25796236784373,0.12968749999999998
P0_90_1,246,49.451472539378834,0.296875
P0_90_1,248,48.12015260840141,0.25468749999999996
P0_90_1,249,50.06900386884024,0.3187500000000004
P0_90_1,251,41.718292574131866,0.12187500000000001
P0_90_1,253,41.718292574131866,0.12187500000000001
P0_90_1,254,42.56636954519361,0.13437499999999994
P0_90_1,255,43.43087262609921,0.14843749999999997
P0_90_1,257,42.25796236784373,0.12968749999999998
P0_90_1,259,52.3740332529436,0.41562500000000013
P0_90_1,260,40.7783613206074,0.10937500000000017
P0_90_1,261,40.52657877444698,0.10624999999999998
P0_90_1,262,46.860782773429854,0.22031249999999994
P0_90_1,263,43.24605949140096,0.14531250000000007
P0_90_1,265,49.80970432555288,0.3093749999999999
P0_90_1,267,43.33895759231624,0.14687500000000023
P0_90_1,269,43.78910441227325,0.15468749999999978
P0_90_1,270,47.62681493705152,0.24062500000000006
P0_90_1,271,47.22274721528578,0.2296875
P0_90_1,272,48.226079404600384,0.25781250000000006
P0_90_1,273,51.26071766852512,0.3656250000000002
P0_90_1,274,38.99389763377208,0.08906249999999993
P0_90_1,276,55.4491847196837,0.5921875
P0_90_1,277,42.76605396332563,0.13750000000000004
P0_90_1,278,52.10879463958686,0.403125
P0_90_1,280,60.84018286015023,1.1015624999999996
P0_90_1,282,45.952474939441394,0.19843750000000002
P0_90_1,284,53.360725801847366,0.4656250000000002
P0_90_1,285,40.39789657433879,0.10468750000000003
P0_90_1,288,45.16556030486062,0.1812499999999999
P0_90_1,289,45.24011775524549,0.18281250000000007
P0_90_1,290,48.173277481276216,0.2562500000000001
P0_90_1,291,49.72152194745178,0.30624999999999997
P0_90_1,292,44.300186501721015,0.16406249999999994
P0_90_1,293,48.33072994327392,0.26093750000000004
P0_90_1,294,45.38733974817287,0.18593749999999995
P0_90_1,295,56.237362454564106,0.6484374999999998
P0_90_1,298,54.70798539925387,0.5437499999999998
P0_90_1,300,57.11265423106748,0.7171874999999999
P0_90_1,301,39.43942552799513,0.09374999999999997
P0_90_1,304,45.60359713381722,0.19062499999999993
P0_90_1,305,42.15267756799659,0.12812500000000004
P0_90_1,306,52.942767321263005,0.4437499999999999
P0_90_1,307,56.25826713285712,0.6500000000000008
P0_90_1,308,42.36198624155989,0.13125
P0_90_1,310,40.267279231159634,0.10312500000000004
P0_90_1,311,41.938200260161125,0.12499999999999994
P0_90_1,313,50.685282817124616,0.3421874999999998
P0_90_1,314,50.72485413676638,0.34375000000000006
P0_90_1,315,43.15215706723336,0.14374999999999996
P0_90_1,316,86.03687070724403,20.037500000000012
P0_90_1,317,69.19161885467447,2.881250000000003
P0_90_1,318,39.29344075316514,0.09218750000000002
P0_90_1,319,66.67398224834699,2.15625
P0_90_1,320,40.13466765317936,0.10156249999999994
P0_90_1,321,51.22351894084264,0.3640625
P0_90_1,322,40.7783613206074,0.10937500000000017
P0_90_1,325,41.49267236593808,0.11874999999999991
P0_90_1,326,44.38251782561765,0.16562499999999974
P0_90_1,329,50.40311773889728,0.3312499999999999
P0_90_1,330,63.180434540840494,1.4421875000000002
P0_90_1,331,48.12015260840141,0.25468749999999996
P0_90_1,332,46.41849648761841,0.2093750000000001
P0_90_1,333,64.6567469602705,1.7093749999999992
P0_90_1,334,65.43828352845047,1.8703124999999998
P0_90_1,335,42.864200653220514,0.13906250000000003
P0_90_1,337,56.48495802082273,0.6671874999999998
P0_90_1,339,44.04840395556061,0.15937500000000002
P0_90_1,346,45.090357327394486,0.17968749999999992
P0_90_1,348,70.81518977430207,3.4734375
P0_90_1,349,54.16735557352798,0.5109375
P0_90_1,350,41.938200260161125,0.12499999999999994
P0_90_1,353,65.70973967223595,1.9296875000000024
P0_90_1,354,47.22274721528578,0.2296875
P0_90_1,355,40.13466765317936,0.10156249999999994
P0_90_1,356,45.24011775524549,0.18281250000000007
P0_90_1,358,43.96282799597511,0.15781250000000005
P0_90_1,359,59.0848501887865,0.8999999999999998
P0_90_1,360,46.41849648761841,0.2093750000000001
P0_90_1,361,53.924942920010906,0.496875
P0_90_1,362,43.611835205647154,0.15156250000000002
P0_90_1,363,45.090357327394486,0.17968749999999992
P0_90_1,365,40.90156749470376,0.11093749999999995
P0_90_1,366,55.51766777855643,0.5968749999999997
P0_90_1,368,49.172756980512986,0.2875
P0_90_1,369,39.86321150939389,0.09843750000000001
P0_90_1,370,50.23766721957749,0.32500000000000007
P0_90_1,371,46.79896123388701,0.2187499999999999
P0_90_1,372,48.53632272816533,0.2671874999999999
P0_90_1,373,42.464779034608114,0.13281250000000006
P0_90_1,374,42.76605396332563,0.13750000000000004
P0_90_1,375,42.76605396332563,0.13750000000000004
P0_90_1,376,43.52182518111363,0.15000000000000005
P0_90_1,377,50.11147774143734,0.3203125
P0_90_1,378,43.24605949140096,0.14531250000000007
P0_90_1,382,44.54487563006125,0.16874999999999993
P0_90_1,384,63.25539413994911,1.4546875000000006
P0_90_1,385,44.1331450144257,0.16093749999999998
P0_90_1,386,44.38251782561765,0.16562499999999974
P0_90_1,387,41.02305044894763,0.11250000000000004
P0_90_1,388,52.66305439692751,0.42968749999999983
P0_90_1,391,47.39822570143589,0.23437500000000033
P0_90_1,392,52.942767321263005,0.4437499999999999
P0_90_1,393,38.36191791233803,0.08281249999999996
P0_90_1,394,51.55270783993088,0.37812499999999993
P0_90_1,396,50.525169718634366,0.3359375000000001
P0_90_1,398,59.51150801337163,0.9453124999999996
P0_90_1,402,39.29344075316514,0.09218750000000002
P0_90_1,403,43.96282799597511,0.15781250000000005
P0_90_1,406,41.49267236593808,0.11874999999999991
P0_90_1,411,57.501225267834,0.7500000000000001
P0_90_2,2,48.53632272816533,0.2671874999999999
P0_90_2,4,42.25796236784373,0.12968749999999998
P0_90_2,5,46.15526756645899,0.20312499999999992
P0_90_2,6,44.93796938999065,0.17656249999999996
P0_90_2,11,47.62681493705152,0.24062500000000006
P0_90_2,12,44.70425422348676,0.171875
P0_90_2,16,46.983121269623496,0.2234375000000001
P0_90_2,17,50.84249778128547,0.34843750000000007
P0_90_2,18,48.06670081117488,0.2531250000000002
P0_90_2,21,62.65679604929559,1.3578125000000012
P0_90_2,22,41.26103491494178,0.11562500000000003
P0_90_2,25,43.70092203417215,0.15312499999999996
P0_90_2,26,44.1331450144257,0.16093749999999998
P0_90_2,28,41.828942346131086,0.1234375
P0_90_2,30,42.25796236784373,0.12968749999999998
P0_90_2,31,52.10879463958686,0.403125
P0_90_2,32,46.73669652540416,0.2171875000000002
P0_90_2,33,42.961250709108754,0.140625
P0_90_2,35,47.51327227921771,0.23750000000000007
P0_90_2,36,39.724234310287336,0.09687500000000003
P0_90_2,37,48.78665387660526,0.27500000000000013
P0_90_2,39,39.14496039158101,0.09062500000000004
P0_90_2,41,45.38733974817287,0.18593749999999995
P0_90_2,43,45.67450274911022,0.1921875000000001
P0_90_2,48,49.54242509439325,0.30000000000000016
P0_90_2,49,41.718292574131866,0.12187500000000001
P0_90_2,52,53.21375292740445,0.45781250000000023
P0_90_2,53,51.03509746033133,0.35624999999999984
P0_90_2,55,44.93796938999065,0.17656249999999996
P0_90_2,56,45.46002544127475,0.18749999999999997
P0_90_2,58,45.60359713381722,0.19062499999999993
P0_90_2,64,44.86076097372589,0.175
P0_90_2,66,43.70092203417215,0.15312499999999996
P0_90_2,68,45.31404066644477,0.18437500000000007
P0_90_2,71,41.26103491494178,0.11562500000000003
P0_90_2,75,51.26071766852512,0.3656250000000002
P0_90_2,76,46.6108118634504,0.2140625000000002
P0_90_2,77,66.79896123388703,2.1875000000000036
P0_90_2,78,51.80038746223698,0.3890625000000001
P0_90_2,79,50.153744927705326,0.32187499999999997
P0_90_2,82,50.40311773889728,0.3312499999999999
P0_90_2,83,56.99836456057889,0.7078125000000001
P0_90_2,85,45.67450274911022,0.1921875000000001
P0_90_2,86,42.15267756799659,0.12812500000000004
P0_90_2,87,63.38503669050752,1.4765625000000007
P0_90_2,91,49.40563660378714,0.29531249999999987
P0_90_2,92,60.64078495847477,1.0765624999999999
P0_90_2,96,50.195807429460615,0.3234375000000001
P0_90_2,99,48.173277481276216,0.2562500000000001
P0_90_2,100,58.69943249735796,0.8609374999999999
P0_90_2,102,53.21375292740445,0.45781250000000023
P0_90_2,104,45.74483422356696,0.19375000000000006
P0_90_2,107,44.7828600960554,0.17343749999999994
P0_90_2,109,49.76572504355411,0.30781250000000004
P0_90_2,111,44.93796938999065,0.17656249999999996
P0_90_2,115,44.70425422348676,0.171875
P0_90_2,116,46.54717868772661,0.21250000000000002
P0_90_2,117,42.66678557269462,0.13593749999999993
P0_90_2,118,44.7828600960554,0.17343749999999994
P0_90_2,119,41.828942346131086,0.1234375
P0_90_2,121,55.54037599969472,0.5984375000000003
P0_90_2,127,41.49267236593808,0.11874999999999991
P0_90_2,131,48.33072994327392,0.26093750000000004
P0_90_2,134,41.26103491494178,0.11562500000000003
P0_90_2,140,40.52657877444698,0.10624999999999998
P0_90_2,141,47.163457636011,0.22812500000000008
P0_90_2,145,44.38251782561765,0.16562499999999974
P0_90_2,146,54.32528519044865,0.5203125
P0_90_2,148,43.15215706723336,0.14374999999999996
P0_90_2,149,42.961250709108754,0.140625
P0_90_2,151,44.7828600960554,0.17343749999999994
P0_90_2,155,40.13466765317936,0.10156249999999994
P0_90_2,157,51.73033958551557,0.38593750000000016
P0_90_2,159,39.58299722053759,0.09531249999999995
P0_90_2,161,50.153744927705326,0.32187499999999997
P0_90_2,163,49.58754670047774,0.3015625000000001
P0_90_2,164,39.86321150939389,0.09843750000000001
P0_90_2,165,45.24011775524549,0.18281250000000007
P0_90_2,166,65.08280109408796,1.7953124999999996
P0_90_2,168,53.56239730725797,0.47656249999999967
P0_90_2,170,55.96092158201166,0.6281249999999999
P0_90_2,175,53.75949240069112,0.48750000000000066
P0_90_2,176,56.153236957843646,0.6421875000000002
P0_90_2,177,61.34281255663023,1.1671874999999996
P0_90_2,178,75.72659747833586,6.1140625
P0_90_2,179,43.78910441227325,0.15468749999999978
P0_90_2,181,52.34131799905842,0.41406250000000017
P0_90_2,186,40.267279231159634,0.10312500000000004
P0_90_2,188,45.31404066644477,0.18437500000000007
P0_90_2,189,43.78910441227325,0.15468749999999978
P0_90_2,192,40.39789657433879,0.10468750000000003
P0_90_2,193,43.70092203417215,0.15312499999999996
P0_90_2,195,47.62681493705152,0.24062500000000006
P0_90_2,199,45.090357327394486,0.17968749999999992
P0_90_2,200,38.99389763377208,0.08906249999999993
P0_90_2,201,45.53210792665126,0.18906249999999994
P0_90_2,202,43.87640052032226,0.15625000000000003
P0_90_2,204,47.45593946618564,0.23593749999999997
P0_90_2,205,49.677092747572615,0.30468749999999994
P0_90_2,206,51.444358539285005,0.3734375
P0_90_2,209,44.21706730629786,0.16249999999999984
P0_90_2,210,40.65338233506736,0.10781249999999999
P0_90_2,212,42.66678557269462,0.13593749999999993
P0_90_2,215,49.80970432555288,0.3093749999999999
P0_90_2,219,50.153744927705326,0.32187499999999997
P0_90_2,222,48.93346113992011,0.27968749999999987
P0_90_2,225,40.39789657433879,0.10468750000000003
P0_90_2,228,44.04840395556061,0.15937500000000002
P0_90_2,237,44.46407607402645,0.16718750000000007
P0_90_2,239,41.02305044894763,0.11250000000000004
P0_90_2,240,57.76850449899364,0.7734375000000012
P0_90_2,241,44.04840395556061,0.15937500000000002
P0_90_2,242,51.186160218140245,0.3624999999999999
P0_90_2,243,43.78910441227325,0.15468749999999978
P0_90_2,247,38.68365431020713,0.08593749999999999
P0_90_2,249,43.52182518111363,0.15000000000000005
P0_90_2,251,41.938200260161125,0.12499999999999994
P0_90_2,253,46.15526756645899,0.20312499999999992
P0_90_2,255,43.43087262609921,0.14843749999999997
P0_90_2,257,53.73160830085901,0.4859375000000001
P0_90_2,262,55.56302500767287,0.5999999999999998
P0_90_2,265,48.83586584755839,0.2765624999999999
P0_90_2,269,50.9200508825495,0.3515624999999999
P0_90_2,270,41.938200260161125,0.12499999999999994
P0_90_2,272,45.53210792665126,0.18906249999999994
P0_90_2,273,52.17586747973861,0.4062499999999999
P0_90_2,275,45.16556030486062,0.1812499999999999
P0_90_2,277,43.15215706723336,0.14374999999999996
P0_90_2,278,58.11254510114608,0.8046875000000004
P0_90_2,279,41.02305044894763,0.11250000000000004
P0_90_2,280,43.78910441227325,0.15468749999999978
P0_90_2,281,44.86076097372589,0.175
P0_90_2,284,41.49267236593808,0.11874999999999991
P0_90_2,288,44.46407607402645,0.16718750000000007
P0_90_2,292,42.04610089789525,0.12656249999999997
P0_90_2,293,58.17974767729141,0.8109374999999998
P0_90_2,294,40.90156749470376,0.11093749999999995
P0_90_2,302,45.46002544127475,0.18749999999999997
P0_90_2,303,42.15267756799659,0.12812500000000004
P0_90_2,306,44.04840395556061,0.15937500000000002
P0_90_2,307,48.73716149404815,0.2734375000000003
P0_90_2,308,47.04365036222725,0.2249999999999999
P0_90_2,309,42.36198624155989,0.13125
P0_90_2,317,42.15267756799659,0.12812500000000004
P0_90_2,319,48.27856228112336,0.259375
P0_90_2,320,53.78728727125122,0.4890624999999999
P0_90_2,321,44.04840395556061,0.15937500000000002
P0_90_2,322,41.49267236593808,0.11874999999999991
P0_90_2,323,52.471446120370416,0.42031250000000014
P0_90_2,325,60.66596146780622,1.0796874999999995
P0_90_2,326,46.6108118634504,0.2140625000000002
P0_90_2,327,47.51327227921771,0.23750000000000007
P0_90_2,329,48.68738548597425,0.2718749999999999
P0_90_2,330,40.90156749470376,0.11093749999999995
P0_90_2,331,55.38015741887548,0.5874999999999998
P0_90_2,334,46.08819472630724,0.20156250000000017
P0_90_2,336,48.12015260840141,0.25468749999999996
P0_90_2,337,40.52657877444698,0.10624999999999998
P0_90_2,340,41.26103491494178,0.11562500000000003
P0_90_2,341,40.0,0.1
P0_90_2,345,43.05722836674413,0.14218749999999997
P0_90_2,347,40.65338233506736,0.10781249999999999
P0_90_2,351,43.15215706723336,0.14374999999999996
P0_90_2,352,48.68738548597425,0.2718749999999999
P0_90_2,354,49.76572504355411,0.30781250000000004
P0_90_2,356,41.938200260161125,0.12499999999999994
P0_90_2,357,56.52554636401674,0.6703124999999998
P0_90_2,358,54.37729666105916,0.5234375
P0_90_2,359,41.718292574131866,0.12187500000000001
P0_90_2,361,53.75949240069112,0.48750000000000066
P0_90_2,363,56.505275900585694,0.6687499999999997
P0_90_2,366,46.28787914443925,0.2062499999999999
P0_90_2,368,40.65338233506736,0.10781249999999999
P0_90_2,373,48.88480056650014,0.2781250000000001
P0_90_2,374,46.22182643343754,0.20468749999999994
P0_90_2,376,52.81956114716664,0.43749999999999983
P0_90_2,377,45.81460078048338,0.19531249999999994
P0_90_2,381,54.97828949188864,0.5609374999999998
P0_90_2,385,61.67363494548603,1.2125000000000006
P0_90_2,386,46.67398224834699,0.215625
P0_90_2,387,43.15215706723336,0.14374999999999996
P0_90_2,388,45.88381142267352,0.19687500000000005
P0_90_2,389,40.13466765317936,0.10156249999999994
P0_90_2,392,55.67539254683641,0.6078125000000002
P0_90_2,396,43.611835205647154,0.15156250000000002
P0_90_2,398,49.35955750559585,0.2937499999999999
P0_90_2,400,47.51327227921771,0.23750000000000007
P0_90_2,401,42.04610089789525,0.12656249999999997
P0_90_2,404,42.76605396332563,0.13750000000000004
P0_90_2,407,44.86076097372589,0.175
P0_90_2,408,60.148020291686095,1.0171874999999997
P0_90_2,409,55.91760034688151,0.6250000000000003
P0_90_2,410,43.70092203417215,0.15312499999999996
P0_90_2,412,40.7783613206074,0.10937500000000017
P0_90_2,413,43.43087262609921,0.14843749999999997
P0_90_2,414,47.51327227921771,0.23750000000000007
P0_90_2,415,49.07782828002375,0.28437499999999993
P0_90_2,416,49.21983508838253,0.28906250000000006
P0_90_2,419,43.70092203417215,0.15312499999999996
P0_90_2,420,49.31323265105224,0.2921875000000001
P0_90_2,421,57.093710080399646,0.7156250000000001
P0_90_2,422,44.1331450144257,0.16093749999999998
P0_90_2,426,40.39789657433879,0.10468750000000003
P0_90_2,428,44.1331450144257,0.16093749999999998
P0_90_2,430,45.16556030486062,0.1812499999999999
P0_90_2,431,39.724234310287336,0.09687500000000003
P0_90_2,434,51.444358539285005,0.3734375
P0_90_2,436,46.41849648761841,0.2093750000000001
P0_90_2,439,41.02305044894763,0.11250000000000004
P0_90_2,441,52.59965346113738,0.42656250000000007
P0_90_2,442,44.300186501721015,0.16406249999999994
P0_90_2,443,41.718292574131866,0.12187500000000001
P0_90_2,446,41.02305044894763,0.11250000000000004
P0_90_2,450,43.78910441227325,0.15468749999999978
P0_90_2,453,40.39789657433879,0.10468750000000003
P0_90_2,457,53.38982428681085,0.4671875
P0_90_2,460,47.683034483728086,0.2421875
P0_90_2,463,46.15526756645899,0.20312499999999992
P0_90_2,464,43.05722836674413,0.14218749999999997
P0_90_2,465,47.10376056502176,0.2265625
P0_90_2,466,49.89700043360188,0.3125000000000001
P0_90_2,467,60.107900637734126,1.0125000000000002
P0_90_2,469,51.62419704709684,0.3812499999999999
P0_90_2,471,54.92976484256612,0.5578125000000002
P0_90_2,474,57.87315503766717,0.7828124999999998
P0_90_2,477,47.34012588856774,0.23281250000000006
P0_90_2,478,56.44417912132849,0.6640625000000002
P0_90_2,479,52.34131799905842,0.41406250000000017
P0_90_2,480,54.682990016139726,0.5421874999999999
P0_90_2,482,51.33464057972439,0.3687500000000002
P0_90_2,483,52.63141177673002,0.4281250000000001
P0_90_2,484,63.55794119837888,1.5062500000000005
P0_90_2,485,39.14496039158101,0.09062500000000004
P0_90_2,487,52.503675803502006,0.42187500000000017
P0_90_2,488,52.97329772049246,0.4453125000000001
P0_90_2,489,47.57022913667424,0.23906250000000034
P0_90_2,490,50.9200508825495,0.3515624999999999
P0_90_2,491,55.21692784350346,0.5765625
P0_90_2,492,47.73889248741149,0.24375000000000008
P0_90_2,493,67.07375746217359,2.2578125
P0_90_2,494,44.54487563006125,0.16874999999999993
P0_90_2,495,71.0806927862293,3.5812500000000003
P0_90_2,496,46.73669652540416,0.2171875000000002
P0_90_2,497,55.60814661375736,0.6031250000000004
P0_90_2,498,59.83559339506618,0.9812500000000002
P0_90_2,499,40.267279231159634,0.10312500000000004
P0_90_2,500,66.85462038250938,2.2015624999999983
P0_90_2,501,44.54487563006125,0.16874999999999993
P0_90_2,503,49.89700043360188,0.3125000000000001
P0_90_2,504,57.05569737361096,0.7125000000000006
P0_90_2,506,56.32068097964816,0.6546874999999999
P0_90_2,507,53.56239730725797,0.47656249999999967
P0_90_2,508,40.52657877444698,0.10624999999999998
P0_90_2,509,54.4803944843839,0.5296875
P0_90_2,510,60.12129445632964,1.0140625
P0_90_2,512,52.00720412900136,0.39843749999999994
P0_90_2,513,51.65972220761291,0.38281250000000017
P0_90_2,514,65.0525102538404,1.7890624999999998
P0_90_2,515,45.60359713381722,0.19062499999999993
P0_90_2,516,52.69458216162661,0.4312500000000001
P0_90_2,517,47.10376056502176,0.2265625
P0_90_2,518,52.30847905771888,0.41249999999999987
P0_90_2,519,60.38492287567871,1.0453124999999996
P0_90_2,521,54.006501168419696,0.5015624999999998
P0_90_2,523,45.53210792665126,0.18906249999999994
P0_90_2,524,67.02553588300677,2.245312499999999
P0_90_2,525,44.86076097372589,0.175
P0_90_2,526,47.163457636011,0.22812500000000008
P0_90_2,529,59.52585300364798,0.9468749999999999
P0_90_2,531,40.0,0.1
P0_90_2,532,54.11406773989975,0.5078125000000007
P0_90_2,533,74.45473452587535,5.28125
P0_90_2,534,54.37729666105916,0.5234375
P0_90_2,536,39.43942552799513,0.09374999999999997
P0_90_2,537,38.84016106044626,0.08749999999999998
P0_90_2,538,47.34012588856774,0.23281250000000006
P0_90_2,539,41.606215023771895,0.12031250000000002
P0_90_2,540,47.45593946618564,0.23593749999999997
P0_90_2,541,52.53578633781038,0.4234375000000002
P0_90_2,542,45.81460078048338,0.19531249999999994
P0_90_2,543,60.91379253491758,1.1109374999999997
P0_90_2,544,40.267279231159634,0.10312500000000004
P0_90_2,545,50.60559519729285,0.3390625000000001
P0_90_2,546,45.67450274911022,0.1921875000000001
P0_90_2,547,45.53210792665126,0.18906249999999994
P0_90_2,548,62.23700725601986,1.2937499999999995
P0_90_2,549,43.78910441227325,0.15468749999999978
P0_90_2,550,51.83520069376301,0.39062499999999994
P0_90_2,551,46.54717868772661,0.21250000000000002
P0_90_2,552,60.488173894025145,1.0578125000000003
P0_90_2,553,40.90156749470376,0.11093749999999995
P0_90_2,554,42.961250709108754,0.140625
P0_90_2,555,54.78254284963874,0.5484374999999999
P0_90_2,556,43.96282799597511,0.15781250000000005
P0_90_2,557,60.094486133696265,1.0109374999999996
P0_90_2,558,41.02305044894763,0.11250000000000004
P0_90_2,559,43.78910441227325,0.15468749999999978
P0_90_2,560,42.66678557269462,0.13593749999999993
P0_90_2,561,46.15526756645899,0.20312499999999992
P0_90_2,562,56.90196080028514,0.7000000000000001
P0_90_2,565,45.88381142267352,0.19687500000000005
P0_90_2,566,47.683034483728086,0.2421875
P0_90_2,567,61.72942119786826,1.2203125000000006
P0_90_2,568,39.29344075316514,0.09218750000000002
P0_90_2,570,48.53632272816533,0.2671874999999999
P0_90_2,571,49.98342790925473,0.3156249999999998
P0_90_2,573,53.89758576467728,0.49531249999999977
P0_90_2,574,44.86076097372589,0.175
P0_90_2,575,48.73716149404815,0.2734375000000003
P0_90_2,576,57.2627381316445,0.7296874999999995
P0_90_2,578,50.32078641500064,0.3281249999999999
P0_90_2,579,54.45473452587535,0.5281250000000001
P0_90_2,580,43.05722836674413,0.14218749999999997
P0_90_2,581,41.14285772273138,0.11406250000000002
P0_90_2,582,58.17974767729141,0.8109374999999998
P0_90_2,584,44.46407607402645,0.16718750000000007
P0_90_2,585,49.02997201770595,0.2828125000000001
P0_90_2,586,44.1331450144257,0.16093749999999998
P0_90_2,587,62.756178021797695,1.3734374999999996
P0_90_2,588,45.60359713381722,0.19062499999999993
P0_90_2,589,48.173277481276216,0.2562500000000001
P0_90_2,590,50.88136088700551,0.35000000000000003
P0_90_2,591,49.94032166873203,0.3140624999999999
P0_90_2,592,37.85580060704263,0.07812499999999992
P0_90_2,593,38.19646739301824,0.08124999999999999
P0_90_2,594,40.65338233506736,0.10781249999999999
P0_90_2,595,49.07782828002375,0.28437499999999993
P0_90_2,596,47.34012588856774,0.23281250000000006
P0_90_2,597,53.00372118290312,0.44687500000000024
P0_90_2,599,46.983121269623496,0.2234375000000001
P0_90_2,600,60.17466414582373,1.0203125
P0_90_2,601,38.52427571678163,0.08437500000000005
P0_90_2,602,44.54487563006125,0.16874999999999993
P0_90_2,603,43.87640052032226,0.15625000000000003
P0_90_2,604,52.07506298694816,0.40156250000000054
P0_90_2,605,64.64880375931631,1.7078124999999988
P0_90_2,606,47.79439356850693,0.2453125
P0_90_2,607,46.41849648761841,0.2093750000000001
P0_90_2,608,55.98250144314445,0.6296875000000004
P0_90_2,610,42.15267756799659,0.12812500000000004
P0_90_2,611,42.464779034608114,0.13281250000000006
P0_90_2,612,52.43909640089804,0.41875000000000023
P0_90_2,613,48.53632272816533,0.2671874999999999
P0_90_2,614,43.33895759231624,0.14687500000000023
P0_90_2,615,45.952474939441394,0.19843750000000002
P0_90_2,617,54.90540047977976,0.5562499999999997
P0_90_2,618,59.14496039158101,0.9062500000000002
P0_90_2,619,40.267279231159634,0.10312500000000004
P0_90_2,620,42.961250709108754,0.140625
P0_90_2,621,42.961250709108754,0.140625
P0_90_2,622,68.78665387660524,2.7499999999999956
P0_90_2,623,43.611835205647154,0.15156250000000002
P0_90_2,624,50.06900386884024,0.3187500000000004
P0_90_2,628,45.81460078048338,0.19531249999999994
P0_90_2,629,42.36198624155989,0.13125
P0_90_2,630,45.952474939441394,0.19843750000000002
P0_90_2,633,42.961250709108754,0.140625
P0_90_2,634,37.68032212089253,0.07656249999999996
P0_90_2,640,59.51150801337163,0.9453124999999996
P0_90_2,642,52.75729643868378,0.434375
P0_90_2,644,51.07311016712002,0.3578125
P0_90_2,645,59.75220821413863,0.9718750000000003
P0_90_2,647,57.42853957473212,0.74375
P0_90_2,650,42.56636954519361,0.13437499999999994
P0_90_2,652,42.04610089789525,0.12656249999999997
P0_90_2,653,57.73333890586685,0.7703124999999997
P0_90_2,656,50.88136088700551,0.35000000000000003
P0_90_2,657,54.42899853774903,0.5265625
P0_90_2,659,58.01075616705744,0.7953125000000002
P0_90_2,661,59.41042420009048,0.9343750000000011
P0_90_2,663,55.69769266085224,0.609375
P0_90_2,664,58.97864584822368,0.8890624999999996
P0_90_2,667,47.163457636011,0.22812500000000008
P0_90_2,668,53.4188256147155,0.46874999999999983
P0_90_2,670,54.63278242178774,0.5390624999999999
P0_90_2,673,56.46459250237663,0.6656250000000001
P0_90_2,675,54.55692264144496,0.5343750000000005
P0_90_2,676,50.153744927705326,0.32187499999999997
P0_90_2,677,46.35343333966397,0.20781250000000004
P0_90_2,679,41.828942346131086,0.1234375
P0_90_2,680,47.39822570143589,0.23437500000000033
P0_90_2,682,52.56777860100623,0.4250000000000001
P0_90_2,684,51.65972220761291,0.38281250000000017
P0_90_2,688,40.90156749470376,0.11093749999999995
P0_90_2,690,41.606215023771895,0.12031250000000002
P0_90_3,1,40.7783613206074,0.10937500000000017
P0_90_3,3,44.21706730629786,0.16249999999999984
P0_90_3,6,46.15526756645899,0.20312499999999992
P0_90_3,8,49.21983508838253,0.28906250000000006
P0_90_3,9,50.64553039241435,0.3406249999999999
P0_90_3,18,56.06828870482666,0.6359374999999999
P0_90_3,21,46.6108118634504,0.2140625000000002
P0_90_3,22,45.46002544127475,0.18749999999999997
P0_90_3,23,42.25796236784373,0.12968749999999998
P0_90_3,24,46.67398224834699,0.215625
P0_90_3,25,45.53210792665126,0.18906249999999994
P0_90_3,26,44.38251782561765,0.16562499999999974
P0_90_3,30,42.464779034608114,0.13281250000000006
P0_90_3,34,62.3101300299943,1.3046875000000002
P0_90_3,35,46.15526756645899,0.20312499999999992
P0_90_3,36,48.83586584755839,0.2765624999999999
P0_90_3,38,45.24011775524549,0.18281250000000007
P0_90_3,39,46.73669652540416,0.2171875000000002
P0_90_3,41,42.464779034608114,0.13281250000000006
P0_90_3,42,45.090357327394486,0.17968749999999992
P0_90_3,43,41.02305044894763,0.11250000000000004
P0_90_3,45,39.58299722053759,0.09531249999999995
P0_90_3,51,46.15526756645899,0.20312499999999992
P0_90_3,52,41.26103491494178,0.11562500000000003
P0_90_3,55,59.65390283583059,0.9609375000000003
P0_90_3,56,43.96282799597511,0.15781250000000005
P0_90_3,58,44.21706730629786,0.16249999999999984
P0_90_3,59,63.780326352265845,1.5453124999999999
P0_90_3,62,59.39588714290964,0.9328125000000009
P0_90_3,63,52.69458216162661,0.4312500000000001
P0_90_3,64,45.090357327394486,0.17968749999999992
P0_90_3,67,57.59123529236753,0.7578124999999999
P0_90_3,69,42.464779034608114,0.13281250000000006
P0_90_3,70,55.7642515278308,0.6140625000000006
P0_90_3,71,43.611835205647154,0.15156250000000002
P0_90_3,72,58.02780404228098,0.7968749999999992
P0_90_3,73,44.1331450144257,0.16093749999999998
P0_90_3,74,39.43942552799513,0.09374999999999997
P0_90_3,76,40.65338233506736,0.10781249999999999
P0_90_3,77,52.69458216162661,0.4312500000000001
P0_90_3,78,42.25796236784373,0.12968749999999998
P0_90_3,79,57.44676810112453,0.7453125000000002
P0_90_3,81,53.44773043219912,0.47031249999999986
P0_90_3,85,42.15267756799659,0.12812500000000004
P0_90_3,88,43.611835205647154,0.15156250000000002
P0_90_3,89,44.21706730629786,0.16249999999999984
P0_90_3,91,45.01449754705171,0.1781250000000001
P0_90_3,92,51.11095724067411,0.3593749999999999
P0_90_3,94,43.78910441227325,0.15468749999999978
P0_90_3,95,40.39789657433879,0.10468750000000003
P0_90_3,98,43.15215706723336,0.14374999999999996
P0_90_3,103,49.172756980512986,0.2875
P0_90_3,104,45.31404066644477,0.18437500000000007
P0_90_3,106,41.718292574131866,0.12187500000000001
P0_90_3,107,44.1331450144257,0.16093749999999998
P0_90_3,109,43.05722836674413,0.14218749999999997
P0_90_3,111,51.69510266238984,0.38437500000000024
P0_90_3,112,42.464779034608114,0.13281250000000006
P0_90_3,113,55.89585843405722,0.6234374999999998
P0_90_3,118,41.49267236593808,0.11874999999999991
P0_90_3,119,39.86321150939389,0.09843750000000001
P0_90_3,120,42.66678557269462,0.13593749999999993
P0_90_3,123,43.70092203417215,0.15312499999999996
P0_90_3,124,47.34012588856774,0.23281250000000006
P0_90_3,127,46.79896123388701,0.2187499999999999
P0_90_3,128,53.50525309036836,0.47343750000000034
P0_90_3,129,51.76543413684658,0.38749999999999984
P0_90_3,135,43.15215706723336,0.14374999999999996
P0_90_3,137,46.35343333966397,0.20781250000000004
P0_90_3,138,42.15267756799659,0.12812500000000004
P0_90_3,140,53.12436047830138,0.45312500000000006
P0_90_3,141,48.38258615483952,0.2625000000000003
P0_90_3,142,53.89758576467728,0.49531249999999977
P0_90_3,143,42.56636954519361,0.13437499999999994
P0_90_3,147,47.73889248741149,0.24375000000000008
P0_90_3,151,51.90441133595314,0.39375000000000016
P0_90_3,153,39.58299722053759,0.09531249999999995
P0_90_3,155,44.04840395556061,0.15937500000000002
P0_90_3,157,43.52182518111363,0.15000000000000005
P0_90_3,158,40.0,0.1
P0_90_3,162,45.24011775524549,0.18281250000000007
P0_90_3,165,49.40563660378714,0.29531249999999987
P0_90_3,166,48.173277481276216,0.2562500000000001
P0_90_3,170,45.53210792665126,0.18906249999999994
P0_90_3,172,51.51674137181963,0.3765625000000001
P0_90_3,173,45.16556030486062,0.1812499999999999
P0_90_3,175,48.43413461259573,0.2640625
P0_90_3,176,44.38251782561765,0.16562499999999974
P0_90_3,178,49.80970432555288,0.3093749999999999
P0_90_3,179,41.828942346131086,0.1234375
P0_90_3,183,56.382649539555736,0.6593750000000002
P0_90_3,184,58.5723971120992,0.8484375000000005
P0_90_3,188,43.96282799597511,0.15781250000000005
P0_90_3,189,54.92976484256612,0.5578125000000002
P0_90_3,192,40.52657877444698,0.10624999999999998
P0_90_3,196,43.87640052032226,0.15625000000000003
P0_90_3,198,41.26103491494178,0.11562500000000003
P0_90_3,200,43.87640052032226,0.15625000000000003
P0_90_3,202,42.66678557269462,0.13593749999999993
P0_90_3,203,49.54242509439325,0.30000000000000016
P0_90_3,204,46.020599913279625,0.20000000000000004
P0_90_3,205,54.682990016139726,0.5421874999999999
P0_90_3,207,52.3740332529436,0.41562500000000013
P0_90_3,208,42.56636954519361,0.13437499999999994
P0_90_3,209,45.46002544127475,0.18749999999999997
P0_90_3,213,45.16556030486062,0.1812499999999999
P0_90_3,214,39.14496039158101,0.09062500000000004
P0_90_3,219,51.73033958551557,0.38593750000000016
P0_90_3,220,45.090357327394486,0.17968749999999992
P0_90_3,221,54.22031847932174,0.5140624999999998
P0_90_3,225,49.31323265105224,0.2921875000000001
P0_90_3,227,50.27932624254333,0.3265624999999996
P0_90_3,228,41.938200260161125,0.12499999999999994
P0_90_3,231,39.724234310287336,0.09687500000000003
P0_90_3,232,46.22182643343754,0.20468749999999994
P0_90_3,233,50.84249778128547,0.34843750000000007
P0_90_3,234,38.84016106044626,0.08749999999999998
P0_90_3,235,40.90156749470376,0.11093749999999995
P0_90_3,236,50.958569303270274,0.3531249999999999
P0_90_3,237,50.27932624254333,0.3265624999999996
P0_90_3,240,45.38733974817287,0.18593749999999995
P0_90_3,241,44.04840395556061,0.15937500000000002
P0_90_3,242,43.24605949140096,0.14531250000000007
P0_90_3,244,39.43942552799513,0.09374999999999997
P0_90_3,246,40.52657877444698,0.10624999999999998
P0_90_3,249,41.14285772273138,0.11406250000000002
P0_90_3,251,43.78910441227325,0.15468749999999978
P0_90_3,252,45.46002544127475,0.18749999999999997
P0_90_3,254,62.42380778110273,1.3218750000000004
P0_90_3,255,42.464779034608114,0.13281250000000006
P0_90_3,256,48.173277481276216,0.2562500000000001
P0_90_3,257,46.73669652540416,0.2171875000000002
P0_90_3,260,54.88096758142413,0.5546874999999998
P0_90_3,262,64.42339267581738,1.6640624999999998
P0_90_3,264,44.54487563006125,0.16874999999999993
P0_90_3,265,48.01291804095925,0.25156249999999997
P0_90_3,266,51.33464057972439,0.3687500000000002
P0_90_3,267,43.78910441227325,0.15468749999999978
P0_90_3,274,78.34551396102597,8.265625
P0_90_3,275,58.07874782255858,0.8015625000000001
P0_90_3,276,44.7828600960554,0.17343749999999994
P0_90_3,277,43.33895759231624,0.14687500000000023
P0_90_3,278,44.46407607402645,0.16718750000000007
P0_90_3,280,42.464779034608114,0.13281250000000006
P0_90_3,281,46.22182643343754,0.20468749999999994
P0_90_3,283,39.58299722053759,0.09531249999999995
P0_90_3,287,40.90156749470376,0.11093749999999995
P0_90_3,288,59.23435284068407,0.9156249999999996
P0_90_3,289,48.48537894788773,0.2656249999999999
P0_90_3,292,45.090357327394486,0.17968749999999992
P0_90_3,293,47.28163482822141,0.23125000000000012
P0_90_3,295,43.96282799597511,0.15781250000000005
P0_90_3,302,43.05722836674413,0.14218749999999997
P0_90_3,305,50.06900386884024,0.3187500000000004
P0_90_3,311,38.68365431020713,0.08593749999999999
P0_90_3,314,40.7783613206074,0.10937500000000017
P0_90_3,318,43.78910441227325,0.15468749999999978
P0_90_3,319,58.540345822453645,0.8453124999999998
P0_90_3,320,43.78910441227325,0.15468749999999978
P0_90_3,325,44.93796938999065,0.17656249999999996
P0_90_3,327,52.69458216162661,0.4312500000000001
P0_90_3,329,38.19646739301824,0.08124999999999999
P0_90_3,330,45.16556030486062,0.1812499999999999
P0_90_3,334,43.52182518111363,0.15000000000000005
P0_90_3,335,42.56636954519361,0.13437499999999994
P0_90_3,337,59.52585300364798,0.9468749999999999
P0_90_3,344,47.163457636011,0.22812500000000008
P0_90_3,352,39.724234310287336,0.09687500000000003
P0_90_3,355,43.611835205647154,0.15156250000000002
P0_90_3,360,43.78910441227325,0.15468749999999978
P0_90_3,361,45.53210792665126,0.18906249999999994
P0_90_3,363,43.96282799597511,0.15781250000000005
P0_90_3,364,46.41849648761841,0.2093750000000001
P0_90_3,365,41.02305044894763,0.11250000000000004
P0_90_3,366,51.83520069376301,0.39062499999999994
P0_90_3,371,48.48537894788773,0.2656249999999999
P0_90_3,374,50.195807429460615,0.3234375000000001
P0_90_3,375,51.03509746033133,0.35624999999999984
P0_90_3,376,43.33895759231624,0.14687500000000023
P0_90_3,377,42.36198624155989,0.13125
P0_90_3,380,43.87640052032226,0.15625000000000003
P0_90_3,382,42.864200653220514,0.13906250000000003
P0_90_3,383,39.14496039158101,0.09062500000000004
P0_90_3,384,44.7828600960554,0.17343749999999994
P0_90_3,385,41.49267236593808,0.11874999999999991
P0_90_3,386,48.226079404600384,0.25781250000000006
P0_90_3,389,48.06670081117488,0.2531250000000002
P0_90_3,390,43.96282799597511,0.15781250000000005
P0_90_3,393,53.81499348178656,0.490625
P0_90_3,394,43.15215706723336,0.14374999999999996
P0_90_3,395,43.78910441227325,0.15468749999999978
P0_90_3,396,48.27856228112336,0.259375
P0_90_3,397,48.01291804095925,0.25156249999999997
P0_90_3,400,41.02305044894763,0.11250000000000004
P0_90_3,403,43.78910441227325,0.15468749999999978
P0_90_3,404,44.04840395556061,0.15937500000000002
P0_90_3,405,46.860782773429854,0.22031249999999994
P0_90_3,412,54.45473452587535,0.5281250000000001
P0_90_3,414,38.36191791233803,0.08281249999999996
P0_90_3,419,42.15267756799659,0.12812500000000004
P0_90_3,423,45.74483422356696,0.19375000000000006
P0_90_3,431,42.36198624155989,0.13125
P0_90_3,432,44.300186501721015,0.16406249999999994
P0_90_3,435,51.93881094383862,0.3953125000000002
P0_90_3,437,49.21983508838253,0.28906250000000006
P0_90_3,439,43.15215706723336,0.14374999999999996
P0_90_3,440,43.52182518111363,0.15000000000000005
P0_90_3,442,42.464779034608114,0.13281250000000006
P0_90_3,444,40.90156749470376,0.11093749999999995
P0_90_3,445,50.40311773889728,0.3312499999999999
P0_90_3,446,45.67450274911022,0.1921875000000001
P0_90_3,452,40.52657877444698,0.10624999999999998
P0_90_3,456,44.21706730629786,0.16249999999999984
P0_90_3,457,43.15215706723336,0.14374999999999996
P0_90_3,460,42.961250709108754,0.140625
P0_90_3,463,47.57022913667424,0.23906250000000034
P0_90_3,465,41.02305044894763,0.11250000000000004
P0_90_3,466,66.57268792673146,2.1312500000000005
P0_90_3,467,40.267279231159634,0.10312500000000004
P0_90_3,469,44.46407607402645,0.16718750000000007
P0_90_3,471,40.39789657433879,0.10468750000000003
P0_90_3,473,45.38733974817287,0.18593749999999995
P0_90_3,476,41.14285772273138,0.11406250000000002
P0_90_3,478,42.56636954519361,0.13437499999999994
P0_90_3,479,45.46002544127475,0.18749999999999997
P0_90_3,480,47.51327227921771,0.23750000000000007
P0_90_3,481,53.06425027550687,0.44999999999999984
P0_90_3,482,44.300186501721015,0.16406249999999994
P0_90_3,483,44.04840395556061,0.15937500000000002
P0_90_3,484,54.19387739455584,0.5125000000000003
P0_90_3,486,43.96282799597511,0.15781250000000005
P0_90_3,487,43.15215706723336,0.14374999999999996
P0_90_3,488,50.27932624254333,0.3265624999999996
P0_90_3,489,53.89758576467728,0.49531249999999977
P0_90_3,491,52.78848458579421,0.4359375
P0_90_3,493,52.17586747973861,0.4062499999999999
P0_90_3,498,43.15215706723336,0.14374999999999996
P0_90_3,499,40.52657877444698,0.10624999999999998
P0_90_3,500,44.300186501721015,0.16406249999999994
P0_90_3,502,44.54487563006125,0.16874999999999993
P0_90_3,504,46.6108118634504,0.2140625000000002
P0_90_3,505,48.12015260840141,0.25468749999999996
P0_90_3,507,44.70425422348676,0.171875
P0_90_3,508,53.95221418146588,0.4984375
P0_90_3,510,51.37136744052433,0.3703124999999998
P0_90_3,513,47.22274721528578,0.2296875
P0_90_3,514,43.52182518111363,0.15000000000000005
P0_90_3,516,54.50597886116736,0.5312499999999998
P0_90_3,517,38.36191791233803,0.08281249999999996
P0_90_3,518,52.81956114716664,0.43749999999999983
P0_90_3,521,40.267279231159634,0.10312500000000004
P0_90_3,524,40.39789657433879,0.10468750000000003
P0_90_3,525,39.29344075316514,0.09218750000000002
P0_90_3,529,45.60359713381722,0.19062499999999993
P0_90_3,532,54.682990016139726,0.5421874999999999
P0_90_3,533,50.48467598730607,0.3343749999999998
P0_90_3,535,52.17586747973861,0.4062499999999999
P0_90_3,538,43.611835205647154,0.15156250000000002
P0_90_3,539,48.73716149404815,0.2734375000000003
P0_90_3,540,42.56636954519361,0.13437499999999994
P0_90_3,542,59.639767943145614,0.9593750000000004
P0_90_3,544,42.864200653220514,0.13906250000000003
P0_90_3,546,45.46002544127475,0.18749999999999997
P0_90_3,550,52.17586747973861,0.4062499999999999
P0_90_3,554,57.20676013141987,0.7249999999999999
P0_90_3,556,45.60359713381722,0.19062499999999993
P0_90_3,558,42.15267756799659,0.12812500000000004
P0_90_3,560,55.67539254683641,0.6078125000000002
P0_90_3,561,44.93796938999065,0.17656249999999996
P0_90_3,563,41.49267236593808,0.11874999999999991
P0_90_3,564,54.95406105319974,0.5593749999999997
P0_90_3,565,50.80346000933503,0.3468750000000002
P0_90_3,567,42.864200653220514,0.13906250000000003
P0_90_3,570,41.938200260161125,0.12499999999999994
P0_90_3,571,41.938200260161125,0.12499999999999994
P0_90_3,572,45.01449754705171,0.1781250000000001
P0_90_3,573,56.25826713285712,0.6500000000000008
P0_90_3,578,43.33895759231624,0.14687500000000023
P0_90_3,579,47.28163482822141,0.23125000000000012
P0_90_3,581,48.33072994327392,0.26093750000000004
P0_90_3,583,41.49267236593808,0.11874999999999991
P0_90_3,586,45.88381142267352,0.19687500000000005
P0_90_3,587,42.864200653220514,0.13906250000000003
P0_90_3,590,46.020599913279625,0.20000000000000004
P0_90_3,591,43.87640052032226,0.15625000000000003
P0_90_4,1,41.718292574131866,0.12187500000000001
P0_90_4,3,41.606215023771895,0.12031250000000002
P0_90_4,4,42.56636954519361,0.13437499999999994
P0_90_4,7,46.35343333966397,0.20781250000000004
P0_90_4,8,38.99389763377208,0.08906249999999993
P0_90_4,16,44.54487563006125,0.16874999999999993
P0_90_4,18,52.97329772049246,0.4453125000000001
P0_90_4,19,49.451472539378834,0.296875
P0_90_4,20,52.04119982655925,0.40000000000000013
P0_90_4,23,46.15526756645899,0.20312499999999992
P0_90_4,24,63.89375495094679,1.5656249999999998
P0_90_4,25,51.55270783993088,0.37812499999999993
P0_90_4,27,45.67450274911022,0.1921875000000001
P0_90_4,32,47.95880017344075,0.24999999999999994
P0_90_4,33,43.96282799597511,0.15781250000000005
P0_90_4,35,47.45593946618564,0.23593749999999997
P0_90_4,36,46.860782773429854,0.22031249999999994
P0_90_4,39,45.01449754705171,0.1781250000000001
P0_90_4,42,51.14864011816514,0.3609374999999998
P0_90_4,45,46.6108118634504,0.2140625000000002
P0_90_4,46,51.03509746033133,0.35624999999999984
P0_90_4,47,55.31057715649601,0.5828124999999997
P0_90_4,48,55.050571930985576,0.5656250000000003
P0_90_4,49,47.90434300673128,0.24843749999999995
P0_90_4,54,44.7828600960554,0.17343749999999994
P0_90_4,55,42.864200653220514,0.13906250000000003
P0_90_4,57,47.90434300673128,0.24843749999999995
P0_90_4,58,41.828942346131086,0.1234375
P0_90_4,59,47.57022913667424,0.23906250000000034
P0_90_4,65,46.020599913279625,0.20000000000000004
P0_90_4,66,44.624930479134726,0.17031249999999992
P0_90_4,68,53.89758576467728,0.49531249999999977
P0_90_4,70,46.35343333966397,0.20781250000000004
P0_90_4,71,44.7828600960554,0.17343749999999994
P0_90_4,72,47.04365036222725,0.2249999999999999
P0_90_4,74,41.606215023771895,0.12031250000000002
P0_90_4,75,59.05463836828173,0.8968750000000004
P0_90_4,79,46.41849648761841,0.2093750000000001
P0_90_4,81,43.611835205647154,0.15156250000000002
P0_90_4,82,50.99691766418471,0.35468749999999993
P0_90_4,83,48.48537894788773,0.2656249999999999
P0_90_4,84,45.53210792665126,0.18906249999999994
P0_90_4,87,43.24605949140096,0.14531250000000007
P0_90_4,89,50.23766721957749,0.32500000000000007
P0_90_4,91,43.15215706723336,0.14374999999999996
P0_90_4,95,46.54717868772661,0.21250000000000002
P0_90_4,99,49.853462048516384,0.31093749999999987
P0_90_4,100,47.57022913667424,0.23906250000000034
P0_90_4,101,48.78665387660526,0.27500000000000013
P0_90_4,106,44.46407607402645,0.16718750000000007
P0_90_4,107,39.58299722053759,0.09531249999999995
P0_90_4,108,58.26302625999679,0.81875
P0_90_4,109,39.14496039158101,0.09062500000000004
P0_90_4,110,42.864200653220514,0.13906250000000003
P0_90_4,116,52.30847905771888,0.41249999999999987
P0_90_4,119,50.06900386884024,0.3187500000000004
P0_90_4,121,50.32078641500064,0.3281249999999999
P0_90_4,123,46.35343333966397,0.20781250000000004
P0_90_4,124,52.81956114716664,0.43749999999999983
P0_90_4,126,45.53210792665126,0.18906249999999994
P0_90_4,129,43.70092203417215,0.15312499999999996
P0_90_4,136,41.718292574131866,0.12187500000000001
P0_90_4,137,49.94032166873203,0.3140624999999999
P0_90_4,138,48.78665387660526,0.27500000000000013
P0_90_4,142,45.60359713381722,0.19062499999999993
P0_90_4,145,49.35955750559585,0.2937499999999999
P0_90_4,146,51.11095724067411,0.3593749999999999
P0_90_4,147,46.92216740798338,0.22187499999999993
P0_90_4,148,41.37762578815626,0.11718750000000004
P0_90_4,149,40.7783613206074,0.10937500000000017
P0_90_4,151,41.828942346131086,0.1234375
P0_90_4,154,46.54717868772661,0.21250000000000002
P0_90_4,155,42.76605396332563,0.13750000000000004
P0_90_4,156,43.33895759231624,0.14687500000000023
P0_90_4,157,52.503675803502006,0.42187500000000017
P0_90_4,158,40.65338233506736,0.10781249999999999
P0_90_4,162,54.35132985655355,0.5218750000000002
P0_90_4,167,44.300186501721015,0.16406249999999994
P0_90_4,168,43.05722836674413,0.14218749999999997
P0_90_4,170,39.58299722053759,0.09531249999999995
P0_90_4,172,43.78910441227325,0.15468749999999978
P0_90_4,175,41.37762578815626,0.11718750000000004
P0_90_4,177,38.68365431020713,0.08593749999999999
P0_90_4,178,45.952474939441394,0.19843750000000002
P0_90_4,179,53.647414850331145,0.4812500000000002
P0_90_4,181,45.24011775524549,0.18281250000000007
P0_90_4,182,41.606215023771895,0.12031250000000002
P0_90_4,184,47.22274721528578,0.2296875
P0_90_4,186,41.49267236593808,0.11874999999999991
P0_90_4,187,48.53632272816533,0.2671874999999999
P0_90_4,188,58.26302625999679,0.81875
P0_90_4,189,45.46002544127475,0.18749999999999997
P0_90_4,190,45.090357327394486,0.17968749999999992
P0_90_4,191,48.12015260840141,0.25468749999999996
P0_90_4,194,57.35524049300401,0.7374999999999997
P0_90_4,195,38.68365431020713,0.08593749999999999
P0_90_4,196,42.464779034608114,0.13281250000000006
P0_90_4,197,43.70092203417215,0.15312499999999996
P0_90_4,200,41.938200260161125,0.12499999999999994
P0_90_4,203,43.87640052032226,0.15625000000000003
P0_90_4,208,41.718292574131866,0.12187500000000001
P0_90_4,209,39.86321150939389,0.09843750000000001
P0_90_4,211,44.93796938999065,0.17656249999999996
P0_90_4,215,45.31404066644477,0.18437500000000007
P0_90_4,219,45.24011775524549,0.18281250000000007
P0_90_4,225,53.44773043219912,0.47031249999999986
P0_90_4,228,45.16556030486062,0.1812499999999999
P0_90_4,231,54.03351795423888,0.5031250000000005
P0_90_4,232,39.14496039158101,0.09062500000000004
P0_90_4,233,43.33895759231624,0.14687500000000023
P0_90_4,239,39.724234310287336,0.09687500000000003
P0_90_4,241,48.12015260840141,0.25468749999999996
P0_90_4,242,55.4491847196837,0.5921875
P0_90_4,243,49.54242509439325,0.30000000000000016
P0_90_4,244,46.92216740798338,0.22187499999999993
P0_90_4,247,49.12542231493085,0.28593750000000023
P0_90_4,248,57.42853957473212,0.74375
P0_90_4,250,51.83520069376301,0.39062499999999994
P0_90_4,252,45.24011775524549,0.18281250000000007
P0_90_4,253,44.38251782561765,0.16562499999999974
P0_90_4,256,63.095324434998886,1.4281249999999996
P0_90_4,257,46.28787914443925,0.2062499999999999
P0_90_4,258,47.10376056502176,0.2265625
P0_90_4,262,40.0,0.1
P0_90_4,263,45.38733974817287,0.18593749999999995
P0_90_4,265,45.31404066644477,0.18437500000000007
P0_90_4,267,42.25796236784373,0.12968749999999998
P0_90_4,271,45.53210792665126,0.18906249999999994
P0_90_4,273,49.94032166873203,0.3140624999999999
P0_90_4,276,44.86076097372589,0.175
P0_90_4,278,49.12542231493085,0.28593750000000023
P0_90_4,280,43.611835205647154,0.15156250000000002
P0_90_4,282,41.606215023771895,0.12031250000000002
P0_90_4,286,40.65338233506736,0.10781249999999999
P0_90_4,287,45.46002544127475,0.18749999999999997
P0_90_4,288,48.38258615483952,0.2625000000000003
P0_90_4,292,38.99389763377208,0.08906249999999993
P0_90_4,293,44.04840395556061,0.15937500000000002
P0_90_4,295,43.611835205647154,0.15156250000000002
P0_90_4,298,51.03509746033133,0.35624999999999984
P0_90_4,300,41.606215023771895,0.12031250000000002
P0_90_4,303,43.70092203417215,0.15312499999999996
P0_90_4,304,43.15215706723336,0.14374999999999996
P0_90_4,306,44.93796938999065,0.17656249999999996
P0_90_4,308,44.21706730629786,0.16249999999999984
P0_90_4,309,56.48495802082273,0.6671874999999998
P0_90_4,310,41.606215023771895,0.12031250000000002
P0_90_4,313,43.96282799597511,0.15781250000000005
P0_90_4,314,41.02305044894763,0.11250000000000004
P0_90_4,316,44.46407607402645,0.16718750000000007
P0_90_4,317,46.15526756645899,0.20312499999999992
P0_90_4,318,54.35132985655355,0.5218750000000002
P0_90_4,322,41.49267236593808,0.11874999999999991
P0_90_4,323,60.06759481302761,1.0078124999999998
P0_90_4,324,41.37762578815626,0.11718750000000004
P0_90_4,326,45.53210792665126,0.18906249999999994
P0_90_4,327,47.683034483728086,0.2421875
P0_90_4,328,55.69769266085224,0.609375
P0_90_4,329,42.864200653220514,0.13906250000000003
P0_90_4,330,49.677092747572615,0.30468749999999994
P0_90_4,334,39.86321150939389,0.09843750000000001
P0_90_4,336,49.02997201770595,0.2828125000000001
P0_90_4,338,40.13466765317936,0.10156249999999994
P0_90_4,339,39.29344075316514,0.09218750000000002
P0_90_4,344,47.90434300673128,0.24843749999999995
P0_90_4,345,42.66678557269462,0.13593749999999993
P0_90_4,346,60.47533443915498,1.0562500000000004
P0_90_4,347,41.26103491494178,0.11562500000000003
P0_90_4,348,53.53387219249733,0.47499999999999976
P0_90_4,350,49.94032166873203,0.3140624999999999
P0_90_4,351,45.090357327394486,0.17968749999999992
P0_90_4,352,45.46002544127475,0.18749999999999997
P0_90_4,354,42.76605396332563,0.13750000000000004
P0_90_4,356,41.828942346131086,0.1234375
P0_90_4,357,47.79439356850693,0.2453125
P0_90_4,358,39.58299722053759,0.09531249999999995
P0_90_4,361,46.73669652540416,0.2171875000000002
P0_90_4,365,40.39789657433879,0.10468750000000003
P0_90_4,366,38.99389763377208,0.08906249999999993
P0_90_4,368,40.52657877444698,0.10624999999999998
P0_90_4,369,51.407939661452495,0.37187499999999996
P0_90_4,373,38.52427571678163,0.08437500000000005
P0_90_4,374,44.1331450144257,0.16093749999999998
P0_90_4,376,50.36204962627611,0.3296875
P0_90_4,379,65.5464529169276,1.89375
P0_90_4,380,48.173277481276216,0.2562500000000001
P0_90_4,381,52.142395801947295,0.40468750000000014
P0_90_4,382,45.01449754705171,0.1781250000000001
P0_90_4,383,44.21706730629786,0.16249999999999984
P0_90_4,384,60.69106521255839,1.0828124999999997
P0_90_4,385,43.05722836674413,0.14218749999999997
P0_90_4,387,44.7828600960554,0.17343749999999994
P0_90_4,388,60.35891719865323,1.0421874999999996
P0_90_4,389,44.38251782561765,0.16562499999999974
P0_90_4,390,40.267279231159634,0.10312500000000004
P0_90_4,391,42.76605396332563,0.13750000000000004
P0_90_4,392,47.34012588856774,0.23281250000000006
P0_90_4,397,47.51327227921771,0.23750000000000007
P0_90_4,398,42.961250709108754,0.140625
P0_90_4,400,44.624930479134726,0.17031249999999992
P0_90_4,404,45.81460078048338,0.19531249999999994
P0_90_4,405,43.33895759231624,0.14687500000000023
P0_90_4,407,47.45593946618564,0.23593749999999997
P0_90_4,409,43.78910441227325,0.15468749999999978
P0_90_4,410,58.01075616705744,0.7953125000000002
P0_90_4,411,39.86321150939389,0.09843750000000001
P0_90_4,414,41.14285772273138,0.11406250000000002
P0_90_4,415,61.14285772273138,1.1406250000000002
P0_90_4,416,44.86076097372589,0.175
P0_90_4,417,40.90156749470376,0.11093749999999995
P0_90_4,420,68.41355192609672,2.634374999999996
P0_90_4,421,54.27296039583663,0.5171874999999997
P0_90_4,422,60.38492287567871,1.0453124999999996
P0_90_4,423,43.43087262609921,0.14843749999999997
P0_90_4,424,48.637322582898165,0.2703125000000001
P0_90_4,425,64.34144971299648,1.6484374999999982
P0_90_4,426,47.84954225941071,0.24687500000000007
P0_90_4,427,60.91379253491758,1.1109374999999997
P0_90_4,428,45.38733974817287,0.18593749999999995
P0_90_4,430,45.46002544127475,0.18749999999999997
P0_90_4,431,46.6108118634504,0.2140625000000002
P0_90_4,432,43.15215706723336,0.14374999999999996
P0_90_4,433,43.15215706723336,0.14374999999999996
P0_90_4,434,46.92216740798338,0.22187499999999993
P0_90_4,436,61.66243457044846,1.2109374999999998
P0_90_4,437,47.73889248741149,0.24375000000000008
P0_90_4,440,49.12542231493085,0.28593750000000023
P0_90_4,441,45.67450274911022,0.1921875000000001
P0_90_4,442,40.7783613206074,0.10937500000000017
P0_90_4,443,46.6108118634504,0.2140625000000002
P0_90_4,444,42.15267756799659,0.12812500000000004
P0_90_4,445,41.718292574131866,0.12187500000000001
P0_90_4,446,40.7783613206074,0.10937500000000017
P0_90_4,449,40.13466765317936,0.10156249999999994
P0_90_4,450,48.01291804095925,0.25156249999999997
P0_90_4,453,40.7783613206074,0.10937500000000017
P0_90_4,454,43.15215706723336,0.14374999999999996
P0_90_4,455,42.66678557269462,0.13593749999999993
P0_90_4,456,49.98342790925473,0.3156249999999998
P0_90_4,457,46.020599913279625,0.20000000000000004
P0_90_4,459,47.84954225941071,0.24687500000000007
P0_90_4,460,41.938200260161125,0.12499999999999994
P0_90_4,461,48.01291804095925,0.25156249999999997
P0_90_4,462,53.78728727125122,0.4890624999999999
P0_90_4,464,43.87640052032226,0.15625000000000003
P0_90_4,465,55.89585843405722,0.6234374999999998
P0_90_4,467,45.090357327394486,0.17968749999999992
P0_90_4,468,58.27958658844139,0.8203124999999997
P0_90_4,469,41.718292574131866,0.12187500000000001
P0_90_4,470,53.360725801847366,0.4656250000000002
P0_90_4,472,42.25796236784373,0.12968749999999998
P0_90_4,473,40.13466765317936,0.10156249999999994
P0_90_4,474,52.27551549011741,0.41093749999999984
P0_90_4,476,43.87640052032226,0.15625000000000003
P0_90_4,478,42.864200653220514,0.13906250000000003
P0_90_4,479,61.78485144111042,1.2281250000000001
P0_90_4,480,46.67398224834699,0.215625
P0_90_4,481,45.090357327394486,0.17968749999999992
P0_90_4,482,44.624930479134726,0.17031249999999992
P0_90_4,483,43.611835205647154,0.15156250000000002
P0_90_4,484,43.24605949140096,0.14531250000000007
P0_90_4,485,57.5553431353525,0.7546875000000002
P0_90_4,486,41.606215023771895,0.12031250000000002
P0_90_4,487,48.78665387660526,0.27500000000000013
P0_90_4,488,53.67557010881895,0.48281250000000003
P0_90_4,490,43.78910441227325,0.15468749999999978
P0_90_4,492,42.04610089789525,0.12656249999999997
P0_90_4,494,48.586969458473234,0.26874999999999993
P0_90_4,501,42.56636954519361,0.13437499999999994
P0_90_4,503,44.93796938999065,0.17656249999999996
P0_90_4,504,47.90434300673128,0.24843749999999995
P0_90_4,507,52.00720412900136,0.39843749999999994
P0_90_4,508,42.04610089789525,0.12656249999999997
P0_90_4,510,49.451472539378834,0.296875
P0_90_4,512,43.15215706723336,0.14374999999999996
P0_90_4,513,43.87640052032226,0.15625000000000003
P0_90_4,514,52.04119982655925,0.40000000000000013
P0_90_4,515,44.86076097372589,0.175
P0_90_4,516,37.68032212089253,0.07656249999999996
P0_90_4,517,41.938200260161125,0.12499999999999994
P0_90_4,518,44.1331450144257,0.16093749999999998
P0_90_4,519,44.46407607402645,0.16718750000000007
P0_90_4,521,53.61916802986599,0.47968750000000016
P0_90_4,522,41.828942346131086,0.1234375
P0_90_4,524,44.86076097372589,0.175
P0_90_4,526,56.74545405004601,0.6875000000000002
P0_90_4,530,48.43413461259573,0.2640625
P0_90_4,531,53.0340384550021,0.44843749999999966
P0_90_4,532,38.02780404228098,0.0796875
P0_90_4,533,52.56777860100623,0.4250000000000001
P0_90_4,534,46.15526756645899,0.20312499999999992
P0_90_4,535,39.58299722053759,0.09531249999999995
P0_90_4,536,55.63061982070049,0.6046875
P0_90_4,538,43.78910441227325,0.15468749999999978
P0_90_4,539,55.19335689379261,0.5750000000000001
P0_90_4,541,46.28787914443925,0.2062499999999999
P0_90_4,542,40.267279231159634,0.10312500000000004
P0_90_4,543,39.58299722053759,0.09531249999999995
P0_90_4,545,49.21983508838253,0.28906250000000006
P0_90_4,546,56.505275900585694,0.6687499999999997
P0_90_4,547,43.05722836674413,0.14218749999999997
P0_90_4,548,44.86076097372589,0.175
P0_90_4,550,45.16556030486062,0.1812499999999999
P0_90_4,551,55.85221065558456,0.6203124999999997
P0_90_4,553,40.65338233506736,0.10781249999999999
P0_90_4,555,42.56636954519361,0.13437499999999994
P0_90_4,556,40.267279231159634,0.10312500000000004
P0_90W_1,2,40.65338233506736,0.10781249999999999
P0_90W_1,3,43.15215706723336,0.14374999999999996
P0_90W_1,5,40.65338233506736,0.10781249999999999
P0_90W_1,6,41.828942346131086,0.1234375
P0_90W_1,8,49.76572504355411,0.30781250000000004
P0_90W_1,10,40.90156749470376,0.11093749999999995
P0_90W_1,13,43.78910441227325,0.15468749999999978
P0_90W_1,14,39.724234310287336,0.09687500000000003
P0_90W_1,15,64.14157382599258,1.6109374999999992
P0_90W_1,16,44.7828600960554,0.17343749999999994
P0_90W_1,17,40.267279231159634,0.10312500000000004
P0_90W_1,19,41.828942346131086,0.1234375
P0_90W_1,21,43.43087262609921,0.14843749999999997
P0_90W_1,26,43.24605949140096,0.14531250000000007
P0_90W_1,28,39.86321150939389,0.09843750000000001
P0_90W_1,29,48.53632272816533,0.2671874999999999
P0_90W_1,30,42.864200653220514,0.13906250000000003
P0_90W_1,33,45.53210792665126,0.18906249999999994
P0_90W_1,34,40.0,0.1
P0_90W_1,39,41.49267236593808,0.11874999999999991
P0_90W_1,42,46.92216740798338,0.22187499999999993
P0_90W_1,43,41.828942346131086,0.1234375
P0_90W_1,44,43.15215706723336,0.14374999999999996
P0_90W_1,45,38.99389763377208,0.08906249999999993
P0_90W_1,46,42.04610089789525,0.12656249999999997
P0_90W_1,47,48.83586584755839,0.2765624999999999
P0_90W_1,48,48.78665387660526,0.27500000000000013
P0_90W_1,50,38.99389763377208,0.08906249999999993
P0_90W_1,51,45.67450274911022,0.1921875000000001
P0_90W_1,55,43.52182518111363,0.15000000000000005
P0_90W_1,57,44.21706730629786,0.16249999999999984
P0_90W_1,58,54.22031847932174,0.5140624999999998
P0_90W_1,60,43.52182518111363,0.15000000000000005
P0_90W_1,61,48.38258615483952,0.2625000000000003
P0_90W_1,63,49.12542231493085,0.28593750000000023
P0_90W_1,66,40.65338233506736,0.10781249999999999
P0_90W_1,67,43.52182518111363,0.15000000000000005
P0_90W_1,68,42.15267756799659,0.12812500000000004
P0_90W_1,70,45.88381142267352,0.19687500000000005
P0_90W_1,73,54.24667931788001,0.5156250000000001
P0_90W_1,74,44.04840395556061,0.15937500000000002
P0_90W_1,76,46.15526756645899,0.20312499999999992
P0_90W_1,78,38.36191791233803,0.08281249999999996
P0_90W_1,79,42.76605396332563,0.13750000000000004
P0_90W_1,81,53.27284083988552,0.4609375000000001
P0_90W_1,82,40.52657877444698,0.10624999999999998
P0_90W_1,84,50.685282817124616,0.3421874999999998
P0_90W_1,85,44.21706730629786,0.16249999999999984
P0_90W_1,88,54.29916219440298,0.51875
P0_90W_1,89,41.938200260161125,0.12499999999999994
P0_90W_1,92,41.718292574131866,0.12187500000000001
P0_90W_1,93,40.13466765317936,0.10156249999999994
P0_90W_1,95,47.73889248741149,0.24375000000000008
P0_90W_1,96,50.99691766418471,0.35468749999999993
P0_90W_1,97,40.0,0.1
P0_90W_1,98,69.06349906648293,2.839062499999996
P0_90W_1,99,51.37136744052433,0.3703124999999998
P0_90W_1,102,53.00372118290312,0.44687500000000024
P0_90W_1,103,49.4970678652768,0.2984374999999995
P0_90W_1,104,43.87640052032226,0.15625000000000003
P0_90W_1,106,51.07311016712002,0.3578125
P0_90W_1,109,42.25796236784373,0.12968749999999998
P0_90W_1,111,62.23700725601986,1.2937499999999995
P0_90W_1,112,42.25796236784373,0.12968749999999998
P0_90W_1,116,46.983121269623496,0.2234375000000001
P0_90W_1,118,42.864200653220514,0.13906250000000003
P0_90W_1,120,43.87640052032226,0.15625000000000003
P0_90W_1,123,43.70092203417215,0.15312499999999996
P0_90W_1,124,45.88381142267352,0.19687500000000005
P0_90W_1,125,47.84954225941071,0.24687500000000007
P0_90W_1,126,43.70092203417215,0.15312499999999996
P0_90W_1,127,50.76424599402447,0.3453125
P0_90W_1,128,55.16972180536405,0.5734375
P0_90W_1,129,54.42899853774903,0.5265625
P0_90W_1,133,41.02305044894763,0.11250000000000004
P0_90W_1,134,39.86321150939389,0.09843750000000001
P0_90W_1,135,43.70092203417215,0.15312499999999996
P0_90W_1,136,43.24605949140096,0.14531250000000007
P0_90W_1,137,44.7828600960554,0.17343749999999994
P0_90W_1,139,51.86987494994302,0.39218749999999997
P0_90W_1,141,50.27932624254333,0.3265624999999996
P0_90W_1,145,39.14496039158101,0.09062500000000004
P0_90W_1,146,52.503675803502006,0.42187500000000017
P0_90W_1,148,41.02305044894763,0.11250000000000004
P0_90W_1,150,39.724234310287336,0.09687500000000003
P0_90W_1,152,39.86321150939389,0.09843750000000001
P0_90W_1,154,47.62681493705152,0.24062500000000006
P0_90W_1,155,61.154748059479466,1.1421874999999997
P0_90W_1,157,44.38251782561765,0.16562499999999974
P0_90W_1,158,42.56636954519361,0.13437499999999994
P0_90W_1,159,50.80346000933503,0.3468750000000002
P0_90W_1,160,55.16972180536405,0.5734375
P0_90W_1,161,40.39789657433879,0.10468750000000003
P0_90W_1,163,46.6108118634504,0.2140625000000002
P0_90W_1,165,55.19335689379261,0.5750000000000001
P0_90W_1,166,42.961250709108754,0.140625
P0_90W_1,167,42.04610089789525,0.12656249999999997
P0_90W_1,168,42.961250709108754,0.140625
P0_90W_1,169,42.56636954519361,0.13437499999999994
P0_90W_1,172,47.84954225941071,0.24687500000000007
P0_90W_1,173,41.938200260161125,0.12499999999999994
P0_90W_1,177,45.88381142267352,0.19687500000000005
P0_90W_1,178,44.7828600960554,0.17343749999999994
P0_90W_1,180,48.586969458473234,0.26874999999999993
P0_90W_1,182,49.54242509439325,0.30000000000000016
P0_90W_1,183,36.74545405004601,0.06875000000000002
P0_90W_1,184,44.7828600960554,0.17343749999999994
P0_90W_1,185,49.35955750559585,0.2937499999999999
P0_90W_1,187,52.24242634671717,0.40937499999999993
P0_90W_1,188,48.06670081117488,0.2531250000000002
P0_90W_1,191,63.86771028484191,1.560937500000002
P0_90W_1,192,47.683034483728086,0.2421875
P0_90W_1,193,49.76572504355411,0.30781250000000004
P0_90W_1,194,55.38015741887548,0.5874999999999998
P0_90W_1,195,52.53578633781038,0.4234375000000002
P0_90W_1,196,46.41849648761841,0.2093750000000001
P0_90W_1,197,49.26665940468058,0.29062499999999986
P0_90W_1,199,43.33895759231624,0.14687500000000023
P0_90W_1,201,41.26103491494178,0.11562500000000003
P0_90W_1,203,39.86321150939389,0.09843750000000001
P0_90W_1,204,60.91379253491758,1.1109374999999997
P0_90W_1,208,47.22274721528578,0.2296875
P0_90W_1,212,45.16556030486062,0.1812499999999999
P0_90W_1,214,45.090357327394486,0.17968749999999992
P0_90W_1,215,63.3481929888674,1.470312500000002
P0_90W_1,216,43.96282799597511,0.15781250000000005
P0_90W_1,217,47.34012588856774,0.23281250000000006
P0_90W_1,220,50.685282817124616,0.3421874999999998
P0_90W_1,221,43.43087262609921,0.14843749999999997
P0_90W_1,222,44.38251782561765,0.16562499999999974
P0_90W_1,223,40.7783613206074,0.10937500000000017
P0_90W_1,225,47.84954225941071,0.24687500000000007
P0_90W_1,226,41.938200260161125,0.12499999999999994
P0_90W_1,228,41.26103491494178,0.11562500000000003
P0_90W_1,232,49.40563660378714,0.29531249999999987
P0_90W_1,233,42.464779034608114,0.13281250000000006
P0_90W_1,234,47.39822570143589,0.23437500000000033
P0_90W_1,238,44.70425422348676,0.171875
P0_90W_1,239,41.37762578815626,0.11718750000000004
P0_90W_1,241,46.15526756645899,0.20312499999999992
P0_90W_1,242,47.04365036222725,0.2249999999999999
P0_90W_1,248,47.79439356850693,0.2453125
P0_90W_1,253,43.15215706723336,0.14374999999999996
P0_90W_1,255,42.36198624155989,0.13125
P0_90W_1,257,44.93796938999065,0.17656249999999996
P0_90W_1,262,45.67450274911022,0.1921875000000001
P0_90W_1,264,51.51674137181963,0.3765625000000001
P0_90W_1,265,43.15215706723336,0.14374999999999996
P0_90W_1,267,49.12542231493085,0.28593750000000023
P0_90W_1,269,55.80834243285146,0.6171875
P0_90W_1,273,41.49267236593808,0.11874999999999991
P0_90W_1,276,38.36191791233803,0.08281249999999996
P0_90W_1,277,39.58299722053759,0.09531249999999995
P0_90W_1,280,38.19646739301824,0.08124999999999999
P0_90W_1,283,38.99389763377208,0.08906249999999993
P0_90W_1,284,41.828942346131086,0.1234375
P0_90W_1,286,69.34568597274918,2.9328124999999994
P0_90W_1,289,70.45214452741294,3.331249999999996
P0_90W_1,292,56.646185659415,0.6796875000000003
P0_90W_1,293,53.84261159611427,0.4921875
P0_90W_1,294,58.93272914408769,0.8843750000000002
P0_90W_1,295,64.43154461413332,1.6656249999999977
P0_90W_1,296,48.83586584755839,0.2765624999999999
P0_90W_1,297,45.24011775524549,0.18281250000000007
P0_90W_1,298,41.828942346131086,0.1234375
P0_90W_1,299,45.53210792665126,0.18906249999999994
P0_90W_1,300,40.90156749470376,0.11093749999999995
P0_90W_1,301,40.52657877444698,0.10624999999999998
P0_90W_1,302,42.66678557269462,0.13593749999999993
P0_90W_1,303,42.25796236784373,0.12968749999999998
P0_90W_1,304,45.16556030486062,0.1812499999999999
P0_90W_1,305,71.89751503575914,3.9343750000000055
P0_90W_1,306,40.90156749470376,0.11093749999999995
P0_90W_1,308,54.60756937175286,0.5374999999999999
P0_90W_1,310,67.9098041132539,2.485937500000004
P0_90W_1,311,59.23435284068407,0.9156249999999996
P0_90W_1,312,66.65507932546073,2.1515625000000003
P0_90W_1,313,59.918185677956906,0.9906249999999998
P0_90W_1,314,44.1331450144257,0.16093749999999998
P0_90W_1,315,42.04610089789525,0.12656249999999997
P0_90W_1,316,67.18128704282847,2.2859374999999997
P0_90W_1,318,41.49267236593808,0.11874999999999991
P0_90W_1,323,59.66801476361076,0.9624999999999996
P0_90W_1,324,69.50615827912388,2.9875000000000007
P0_90W_1,325,41.718292574131866,0.12187500000000001
P0_90W_1,327,48.88480056650014,0.2781250000000001
P0_90W_1,328,43.78910441227325,0.15468749999999978
P0_90W_1,329,44.21706730629786,0.16249999999999984
P0_90W_1,330,59.039492959670056,0.8953124999999998
P0_90W_1,333,42.15267756799659,0.12812500000000004
P0_90W_1,334,40.7783613206074,0.10937500000000017
P0_90W_1,335,38.84016106044626,0.08749999999999998
P0_90W_1,337,43.611835205647154,0.15156250000000002
P0_90W_1,338,63.43087262609921,1.4843749999999998
P0_90W_1,339,47.04365036222725,0.2249999999999999
P0_90W_1,340,46.08819472630724,0.20156250000000017
P0_90W_1,342,43.33895759231624,0.14687500000000023
P0_90W_1,343,43.87640052032226,0.15625000000000003
P0_90W_1,344,44.46407607402645,0.16718750000000007
P0_90W_1,346,59.724234310287336,0.9687500000000002
P0_90W_1,347,48.12015260840141,0.25468749999999996
P0_90W_1,350,41.938200260161125,0.12499999999999994
P0_90W_1,352,59.639767943145614,0.9593750000000004
P0_90W_1,354,43.33895759231624,0.14687500000000023
P0_90W_1,355,49.26665940468058,0.29062499999999986
P0_90W_1,357,69.88831019812153,3.1218750000000015
P0_90W_1,358,57.01751757746433,0.709375
P0_90W_1,360,42.76605396332563,0.13750000000000004
P0_90W_1,365,40.13466765317936,0.10156249999999994
P0_90W_1,366,52.07506298694816,0.40156250000000054
P0_90W_1,369,44.70425422348676,0.171875
P0_90W_1,376,42.36198624155989,0.13125
P0_90W_1,377,41.606215023771895,0.12031250000000002
P0_90W_1,379,48.637322582898165,0.2703125000000001
P0_90W_3,5,49.63243511892678,0.3031250000000001
P0_90W_3,6,42.15267756799659,0.12812500000000004
P0_90W_3,10,43.87640052032226,0.15625000000000003
P0_90W_3,11,40.39789657433879,0.10468750000000003
P0_90W_3,12,53.84261159611427,0.4921875
P0_90W_3,16,43.52182518111363,0.15000000000000005
P0_90W_3,17,44.54487563006125,0.16874999999999993
P0_90W_3,18,40.7783613206074,0.10937500000000017
P0_90W_3,19,44.1331450144257,0.16093749999999998
P0_90W_3,23,56.545769631913984,0.6718749999999997
P0_90W_3,25,47.73889248741149,0.24375000000000008
P0_90W_3,26,40.0,0.1
P0_90W_3,27,47.10376056502176,0.2265625
P0_90W_3,30,44.7828600960554,0.17343749999999994
P0_90W_3,31,56.153236957843646,0.6421875000000002
P0_90W_3,32,55.51766777855643,0.5968749999999997
P0_90W_3,33,48.173277481276216,0.2562500000000001
P0_90W_3,35,43.96282799597511,0.15781250000000005
P0_90W_3,36,50.11147774143734,0.3203125
P0_90W_3,37,40.90156749470376,0.11093749999999995
P0_90W_3,38,51.62419704709684,0.3812499999999999
P0_90W_3,39,50.02632127858652,0.3171875000000001
P0_90W_3,41,49.40563660378714,0.29531249999999987
P0_90W_3,42,40.65338233506736,0.10781249999999999
P0_90W_3,44,60.938191117359565,1.1140624999999993
P0_90W_3,45,38.68365431020713,0.08593749999999999
P0_90W_3,47,63.44001085907053,1.4859375
P0_90W_3,48,45.46002544127475,0.18749999999999997
P0_90W_3,49,56.92132734038872,0.7015625000000002
P0_90W_3,51,43.52182518111363,0.15000000000000005
P0_90W_3,52,44.04840395556061,0.15937500000000002
P0_90W_3,53,50.48467598730607,0.3343749999999998
P0_90W_3,54,49.94032166873203,0.3140624999999999
P0_90W_3,55,49.58754670047774,0.3015625000000001
P0_90W_3,59,42.864200653220514,0.13906250000000003
P0_90W_3,60,45.46002544127475,0.18749999999999997
P0_90W_3,61,38.36191791233803,0.08281249999999996
P0_90W_3,64,39.724234310287336,0.09687500000000003
P0_90W_3,65,43.33895759231624,0.14687500000000023
P0_90W_3,67,47.84954225941071,0.24687500000000007
P0_90W_3,70,46.92216740798338,0.22187499999999993
P0_90W_3,71,60.47533443915498,1.0562500000000004
P0_90W_3,72,39.29344075316514,0.09218750000000002
P0_90W_3,74,42.66678557269462,0.13593749999999993
P0_90W_3,75,53.61916802986599,0.47968750000000016
P0_90W_3,77,47.28163482822141,0.23125000000000012
P0_90W_3,80,51.5885259922885,0.3796875
P0_90W_3,81,56.92132734038872,0.7015625000000002
P0_90W_3,83,42.36198624155989,0.13125
P0_90W_3,86,47.04365036222725,0.2249999999999999
P0_90W_3,88,58.11254510114608,0.8046875000000004
P0_90W_3,91,41.26103491494178,0.11562500000000003
P0_90W_3,92,66.44438589467838,2.099999999999997
P0_90W_3,93,49.451472539378834,0.296875
P0_90W_3,94,62.736392387643065,1.3703124999999994
P0_90W_3,95,57.68032212089253,0.7656249999999997
P0_90W_3,99,44.300186501721015,0.16406249999999994
P0_90W_3,100,53.73160830085901,0.4859375000000001
P0_90W_3,101,53.647414850331145,0.4812500000000002
P0_90W_3,102,47.95880017344075,0.24999999999999994
P0_90W_3,104,38.84016106044626,0.08749999999999998
P0_90W_3,105,49.172756980512986,0.2875
P0_90W_3,107,57.169240031444765,0.7218749999999997
P0_90W_3,110,52.59965346113738,0.42656250000000007
P0_90W_3,111,42.25796236784373,0.12968749999999998
P0_90W_3,113,43.52182518111363,0.15000000000000005
P0_90W_3,114,40.65338233506736,0.10781249999999999
P0_90W_3,115,54.58228292117767,0.5359375000000005
P0_90W_3,116,37.131557153953736,0.07187499999999998
P0_90W_3,118,49.54242509439325,0.30000000000000016
P0_90W_3,119,46.79896123388701,0.2187499999999999
P0_90W_3,120,50.02632127858652,0.3171875000000001
P0_90W_3,121,57.78603405012621,0.7750000000000005
P0_90W_3,122,41.606215023771895,0.12031250000000002
P0_90W_3,124,52.24242634671717,0.40937499999999993
P0_90W_3,125,57.131557153953736,0.7187499999999998
P0_90W_3,126,45.24011775524549,0.18281250000000007
P0_90W_3,128,72.8967695634314,4.414062500000002
P0_90W_3,129,49.76572504355411,0.30781250000000004
P0_90W_3,130,50.40311773889728,0.3312499999999999
P0_90W_3,131,40.267279231159634,0.10312500000000004
P0_90W_3,132,40.52657877444698,0.10624999999999998
P0_90W_3,134,44.93796938999065,0.17656249999999996
P0_90W_3,135,68.87991948200076,2.7796875000000014
P0_90W_3,136,44.46407607402645,0.16718750000000007
P0_90W_3,137,44.7828600960554,0.17343749999999994
P0_90W_3,138,46.54717868772661,0.21250000000000002
P0_90W_3,141,45.74483422356696,0.19375000000000006
P0_90W_3,143,49.4970678652768,0.2984374999999995
P0_90W_3,145,41.828942346131086,0.1234375
P0_90W_3,148,52.85052691842385,0.4390625
P0_90W_3,149,50.9200508825495,0.3515624999999999
P0_90W_3,151,41.718292574131866,0.12187500000000001
P0_90W_3,152,40.39789657433879,0.10468750000000003
P0_90W_3,153,45.88381142267352,0.19687500000000005
P0_90W_3,155,54.65792249617778,0.5406249999999998
P0_90W_3,156,53.302234741501024,0.4624999999999998
P0_90W_3,157,44.21706730629786,0.16249999999999984
P0_90W_3,158,45.46002544127475,0.18749999999999997
P0_90W_3,161,52.63141177673002,0.4281250000000001
P0_90W_3,162,45.38733974817287,0.18593749999999995
P0_90W_3,165,46.67398224834699,0.215625
P0_90W_3,166,38.99389763377208,0.08906249999999993
P0_90W_3,168,41.37762578815626,0.11718750000000004
P0_90W_3,170,41.37762578815626,0.11718750000000004
P0_90W_3,172,47.73889248741149,0.24375000000000008
P0_90W_3,174,46.6108118634504,0.2140625000000002
P0_90W_3,176,53.094357375453214,0.45156250000000003
P0_90W_3,178,57.39196735380396,0.7406250000000005
P0_90W_3,179,38.52427571678163,0.08437500000000005
P0_90W_3,180,43.33895759231624,0.14687500000000023
P0_90W_3,182,45.53210792665126,0.18906249999999994
P0_90W_3,183,50.44399258909701,0.3328125
P0_90W_3,184,44.04840395556061,0.15937500000000002
P0_90W_3,185,46.22182643343754,0.20468749999999994
P0_90W_3,186,60.87706567411764,1.10625
P0_90W_3,187,44.04840395556061,0.15937500000000002
P0_90W_3,189,41.02305044894763,0.11250000000000004
P0_90W_3,190,40.90156749470376,0.11093749999999995
P0_90W_3,192,46.35343333966397,0.20781250000000004
P0_90W_3,193,66.24169504211184,2.0515624999999997
P0_90W_3,194,43.78910441227325,0.15468749999999978
P0_90W_3,199,44.7828600960554,0.17343749999999994
P0_90W_3,202,45.16556030486062,0.1812499999999999
P0_90W_3,204,45.31404066644477,0.18437500000000007
P0_90W_3,205,43.78910441227325,0.15468749999999978
P0_90W_3,206,42.961250709108754,0.140625
P0_90W_3,207,43.78910441227325,0.15468749999999978
P0_90W_3,209,54.27296039583663,0.5171874999999997
P0_90W_3,214,48.06670081117488,0.2531250000000002
P0_90W_3,215,42.04610089789525,0.12656249999999997
P0_90W_3,217,49.58754670047774,0.3015625000000001
P0_90W_3,218,48.12015260840141,0.25468749999999996
P0_90W_3,219,46.28787914443925,0.2062499999999999
P0_90W_3,221,48.68738548597425,0.2718749999999999
P0_90W_3,222,51.65972220761291,0.38281250000000017
P0_90W_3,224,47.39822570143589,0.23437500000000033
P0_90W_3,228,41.14285772273138,0.11406250000000002
P0_90W_3,229,48.68738548597425,0.2718749999999999
P0_90W_3,230,42.66678557269462,0.13593749999999993
P0_90W_3,236,44.7828600960554,0.17343749999999994
P0_90W_3,237,49.40563660378714,0.29531249999999987
P0_90W_3,240,39.29344075316514,0.09218750000000002
P0_90W_3,241,50.153744927705326,0.32187499999999997
P0_90W_3,242,51.51674137181963,0.3765625000000001
P0_90W_3,243,45.090357327394486,0.17968749999999992
P0_90W_3,244,58.79350442379683,0.8703125000000002
P0_90W_3,245,41.49267236593808,0.11874999999999991
P0_90W_3,247,46.79896123388701,0.2187499999999999
P0_90W_3,248,44.46407607402645,0.16718750000000007
P0_90W_3,249,43.87640052032226,0.15625000000000003
P0_90W_3,250,55.69769266085224,0.609375
P0_90W_3,252,37.85580060704263,0.07812499999999992
P0_90W_3,254,43.24605949140096,0.14531250000000007
P0_90W_3,255,42.15267756799659,0.12812500000000004
P0_90W_3,257,46.35343333966397,0.20781250000000004
P0_90W_3,258,46.48307589022238,0.21093750000000006
P0_90W_3,259,40.7783613206074,0.10937500000000017
P0_90W_3,260,47.34012588856774,0.23281250000000006
P0_90W_3,262,45.88381142267352,0.19687500000000005
P0_90W_3,263,60.85249454135833,1.103125
P0_90W_3,264,39.58299722053759,0.09531249999999995
P0_90W_3,265,44.21706730629786,0.16249999999999984
P0_90W_3,266,55.58561511049227,0.6015625
P0_90W_3,268,42.961250709108754,0.140625
P0_90W_3,269,46.983121269623496,0.2234375000000001
P0_90W_3,270,40.90156749470376,0.11093749999999995
P0_90W_3,271,39.724234310287336,0.09687500000000003
P0_90W_3,272,56.32068097964816,0.6546874999999999
P0_90W_3,273,40.0,0.1
P0_90W_3,276,46.48307589022238,0.21093750000000006
P0_90W_3,278,50.958569303270274,0.3531249999999999
P0_90W_3,279,45.090357327394486,0.17968749999999992
P0_90W_3,281,41.26103491494178,0.11562500000000003
P0_90W_3,282,51.76543413684658,0.38749999999999984
P0_90W_3,283,42.04610089789525,0.12656249999999997
P0_90W_3,286,43.87640052032226,0.15625000000000003
P0_90W_3,288,50.99691766418471,0.35468749999999993
P0_90W_3,289,43.87640052032226,0.15625000000000003
P0_90W_3,290,46.73669652540416,0.2171875000000002
P0_90W_3,291,45.74483422356696,0.19375000000000006
P0_90W_3,295,47.683034483728086,0.2421875
P0_90W_3,296,43.33895759231624,0.14687500000000023
P0_90W_3,297,46.79896123388701,0.2187499999999999
P0_90W_3,298,61.14285772273138,1.1406250000000002
P0_90W_3,300,50.153744927705326,0.32187499999999997
P0_90W_3,301,47.28163482822141,0.23125000000000012
P0_90W_3,308,61.817940584510666,1.2328124999999999
P0_90W_3,309,47.95880017344075,0.24999999999999994
P0_90W_3,310,68.0344711280433,2.5218750000000023
P0_90W_3,311,50.525169718634366,0.3359375000000001
P0_90W_3,312,42.76605396332563,0.13750000000000004
P0_90W_3,313,45.53210792665126,0.18906249999999994
P0_90W_3,314,47.39822570143589,0.23437500000000033
P0_90W_3,316,55.24043500166216,0.5781250000000008
P0_90W_3,319,63.81538549022988,1.5515624999999997
P0_90W_3,321,47.45593946618564,0.23593749999999997
P0_90W_3,322,51.33464057972439,0.3687500000000002
P0_90W_3,323,50.36204962627611,0.3296875
P0_90W_3,324,47.683034483728086,0.2421875
P0_90W_3,325,41.828942346131086,0.1234375
P0_90W_3,326,53.73160830085901,0.4859375000000001
P0_90W_3,327,52.75729643868378,0.434375
P0_90W_3,330,51.29775776575698,0.3671874999999997
P0_90W_3,332,54.95406105319974,0.5593749999999997
P0_90W_3,333,55.60814661375736,0.6031250000000004
P0_90W_3,335,55.40322752443811,0.5890624999999997
P0_90W_3,336,53.331529506666506,0.4640625
P0_90W_3,337,53.870142172690336,0.49375000000000013
P0_90W_3,338,46.92216740798338,0.22187499999999993
P0_90W_3,340,47.10376056502176,0.2265625
P0_90W_3,341,39.724234310287336,0.09687500000000003
P0_90W_3,343,49.58754670047774,0.3015625000000001
P0_90W_3,345,45.24011775524549,0.18281250000000007
P0_90W_3,348,58.4109447008537,0.8328124999999996
P0_90W_3,349,45.24011775524549,0.18281250000000007
P0_90W_3,350,38.84016106044626,0.08749999999999998
P0_90W_3,351,55.21692784350346,0.5765625
P0_90W_3,354,40.0,0.1
P0_90W_3,356,66.18861075380825,2.0390624999999996
P0_90W_3,358,43.78910441227325,0.15468749999999978
P0_90W_3,359,43.05722836674413,0.14218749999999997
P0_90W_3,360,47.22274721528578,0.2296875
P0_90W_3,361,45.67450274911022,0.1921875000000001
P0_90W_3,362,43.24605949140096,0.14531250000000007
P0_90W_3,363,53.73160830085901,0.4859375000000001
P0_90W_3,366,55.21692784350346,0.5765625
P0_90W_3,367,55.07453302104451,0.5671875
P0_90W_3,368,56.9791692165499,0.7062499999999999
P0_90W_3,369,39.86321150939389,0.09843750000000001
P0_90W_3,370,43.87640052032226,0.15625000000000003
P0_90W_3,371,43.15215706723336,0.14374999999999996
P0_90W_3,372,38.19646739301824,0.08124999999999999
P0_90W_3,373,43.24605949140096,0.14531250000000007
P0_90W_3,374,53.06425027550687,0.44999999999999984
P0_90W_3,375,41.14285772273138,0.11406250000000002
P0_90W_3,376,60.80314276291836,1.0968749999999998
P0_90W_3,377,40.0,0.1
P0_90W_3,378,38.36191791233803,0.08281249999999996
P0_90W_3,379,54.78254284963874,0.5484374999999999
P0_90W_3,382,72.7103032331366,4.320312500000001
P0_90W_3,383,53.67557010881895,0.48281250000000003
P0_90W_3,385,51.86987494994302,0.39218749999999997
P0_90W_3,386,42.25796236784373,0.12968749999999998
P0_90W_3,390,45.090357327394486,0.17968749999999992
P0_90W_3,393,42.25796236784373,0.12968749999999998
P0_90W_3,394,40.267279231159634,0.10312500000000004
P0_90W_3,395,40.39789657433879,0.10468750000000003
P0_90W_3,396,45.24011775524549,0.18281250000000007
P0_90W_3,398,50.153744927705326,0.32187499999999997
P0_90W_3,399,47.22274721528578,0.2296875
P0_90W_3,400,51.29775776575698,0.3671874999999997
P0_90W_3,402,45.81460078048338,0.19531249999999994
P0_90W_3,403,44.7828600960554,0.17343749999999994
P0_90W_3,404,60.33283342638435,1.0390625
P0_90W_3,405,60.42378598139876,1.0499999999999996
P0_90W_3,406,49.98342790925473,0.3156249999999998
P0_90W_3,408,59.189771615502536,0.9109375000000002
P0_90W_3,409,58.97864584822368,0.8890624999999996
P0_90W_3,410,46.92216740798338,0.22187499999999993
P0_90W_3,412,59.039492959670056,0.8953124999999998
P0_90W_3,413,40.13466765317936,0.10156249999999994
P0_90W_3,414,52.17586747973861,0.4062499999999999
P0_90W_3,415,60.38492287567871,1.0453124999999996
P0_90W_3,416,40.0,0.1
P0_90W_3,417,38.19646739301824,0.08124999999999999
P0_90W_3,418,56.4237176521769,0.6624999999999992
P0_90W_3,419,60.98678363367826,1.1203125000000003
P0_90W_3,421,43.70092203417215,0.15312499999999996
P0_90W_3,424,68.47515423848093,2.653124999999996
P0_90W_3,425,46.48307589022238,0.21093750000000006
P0_90W_3,426,47.90434300673128,0.24843749999999995
P0_90W_3,427,42.66678557269462,0.13593749999999993
P0_90W_3,429,63.36663437506882,1.4734374999999993
P0_90W_3,430,46.54717868772661,0.21250000000000002
P0_90W_3,431,66.10837101793014,2.0203125000000006
P0_90W_3,432,45.60359713381722,0.19062499999999993
P0_90W_3,434,65.51773920602452,1.8875000000000004
P0_90W_3,436,47.683034483728086,0.2421875
P0_90W_3,437,64.3332127378528,1.6468749999999976
P0_90W_3,440,45.16556030486062,0.1812499999999999
P0_90W_3,441,61.63999039868876,1.2078125000000004
P0_90W_3,442,44.70425422348676,0.171875
P0_90W_3,443,60.0135611106986,1.0015625
P0_90W_3,444,41.938200260161125,0.12499999999999994
P0_90W_3,446,43.87640052032226,0.15625000000000003
P0_90W_3,447,41.26103491494178,0.11562500000000003
P0_90W_3,449,45.952474939441394,0.19843750000000002
P0_90W_3,450,54.50597886116736,0.5312499999999998
P0_90W_3,451,39.724234310287336,0.09687500000000003
P0_90W_3,455,57.51930204779889,0.7515624999999996
P0_90W_3,457,52.66305439692751,0.42968749999999983
P0_90W_3,458,47.163457636011,0.22812500000000008
P0_90W_3,459,49.35955750559585,0.2937499999999999
P0_90W_3,460,50.56547554334088,0.33750000000000024
P0_90W_3,461,47.73889248741149,0.24375000000000008
P0_90W_3,462,42.15267756799659,0.12812500000000004
P0_90W_3,463,51.83520069376301,0.39062499999999994
P0_90W_3,464,43.05722836674413,0.14218749999999997
P0_90W_3,465,43.15215706723336,0.14374999999999996
P0_90W_3,466,40.39789657433879,0.10468750000000003
P0_90W_3,467,44.54487563006125,0.16874999999999993
P0_90W_3,468,40.7783613206074,0.10937500000000017
P0_90W_3,469,46.6108118634504,0.2140625000000002
P0_90W_3,471,42.04610089789525,0.12656249999999997
P0_90W_3,472,46.28787914443925,0.2062499999999999
P0_90W_3,473,44.1331450144257,0.16093749999999998
P0_90W_3,474,41.938200260161125,0.12499999999999994
P0_90W_3,475,43.70092203417215,0.15312499999999996
P0_90W_3,476,43.15215706723336,0.14374999999999996
P0_90W_3,477,42.04610089789525,0.12656249999999997
P0_90W_3,479,51.69510266238984,0.38437500000000024
P45_2,1,42.25796236784373,0.12968749999999998
P45_2,3,40.52657877444698,0.10624999999999998
P45_2,8,47.10376056502176,0.2265625
P45_2,11,42.66678557269462,0.13593749999999993
P45_2,15,53.75949240069112,0.48750000000000066
P45_2,17,43.611835205647154,0.15156250000000002
P45_2,19,47.95880017344075,0.24999999999999994
P45_2,20,44.7828600960554,0.17343749999999994
P45_2,21,43.15215706723336,0.14374999999999996
P45_2,24,43.96282799597511,0.15781250000000005
P45_2,26,49.853462048516384,0.31093749999999987
P45_2,27,44.1331450144257,0.16093749999999998
P45_2,28,41.37762578815626,0.11718750000000004
P45_2,31,49.89700043360188,0.3125000000000001
P45_2,32,45.952474939441394,0.19843750000000002
P45_2,34,53.4188256147155,0.46874999999999983
P45_2,36,46.860782773429854,0.22031249999999994
P45_2,39,47.51327227921771,0.23750000000000007
P45_2,41,44.21706730629786,0.16249999999999984
P45_2,43,40.90156749470376,0.11093749999999995
P45_2,44,63.575943048632126,1.5093750000000006
P45_2,46,43.15215706723336,0.14374999999999996
P45_2,47,45.952474939441394,0.19843750000000002
P45_2,49,42.961250709108754,0.140625
P45_2,50,56.70588273040424,0.6843749999999997
P45_2,51,48.27856228112336,0.259375
P45_2,52,43.87640052032226,0.15625000000000003
P45_2,56,42.66678557269462,0.13593749999999993
P45_2,57,39.724234310287336,0.09687500000000003
P45_2,58,54.29916219440298,0.51875
P45_2,60,44.38251782561765,0.16562499999999974
P45_2,61,43.78910441227325,0.15468749999999978
P45_2,65,42.56636954519361,0.13437499999999994
P45_2,66,57.131557153953736,0.7187499999999998
P45_2,68,53.21375292740445,0.45781250000000023
P45_2,71,47.45593946618564,0.23593749999999997
P45_2,74,40.90156749470376,0.11093749999999995
P45_2,76,42.04610089789525,0.12656249999999997
P45_2,79,51.90441133595314,0.39375000000000016
P45_2,84,44.93796938999065,0.17656249999999996
P45_2,85,54.40318606811914,0.5250000000000001
P45_2,87,48.01291804095925,0.25156249999999997
P45_2,90,47.10376056502176,0.2265625
P45_2,91,49.98342790925473,0.3156249999999998
P45_2,94,37.85580060704263,0.07812499999999992
P45_2,95,40.0,0.1
P45_2,98,62.90315089624061,1.3968749999999994
P45_2,99,46.08819472630724,0.20156250000000017
P45_2,100,42.15267756799659,0.12812500000000004
P45_2,101,52.85052691842385,0.4390625
P45_2,106,66.73044543507457,2.1703125
P45_2,107,55.07453302104451,0.5671875
P45_2,108,48.27856228112336,0.259375
P45_2,110,48.38258615483952,0.2625000000000003
P45_2,113,50.56547554334088,0.33750000000000024
P45_2,114,43.43087262609921,0.14843749999999997
P45_2,115,53.27284083988552,0.4609375000000001
P45_2,116,44.46407607402645,0.16718750000000007
P45_2,117,43.78910441227325,0.15468749999999978
P45_2,118,73.48803625690563,4.724999999999996
P45_2,119,63.64757965789457,1.5218749999999994
P45_2,120,53.870142172690336,0.49375000000000013
P45_2,121,42.66678557269462,0.13593749999999993
P45_2,122,64.05691536206047,1.595312500000001
P45_2,123,53.27284083988552,0.4609375000000001
P45_2,128,44.7828600960554,0.17343749999999994
P45_2,129,52.56777860100623,0.4250000000000001
P45_2,132,39.58299722053759,0.09531249999999995
P45_2,133,68.14144156425019,2.5531249999999988
P45_2,134,56.19540155345028,0.6453125000000004
P45_2,135,64.69635436879207,1.7171875
P45_2,136,59.48274676312528,0.9421874999999991
P45_2,138,47.28163482822141,0.23125000000000012
P45_2,140,51.73033958551557,0.38593750000000016
P45_2,141,44.04840395556061,0.15937500000000002
P45_2,142,42.04610089789525,0.12656249999999997
P45_3,1,40.65338233506736,0.10781249999999999
P45_3,2,43.70092203417215,0.15312499999999996
P45_3,3,46.6108118634504,0.2140625000000002
P45_3,7,40.13466765317936,0.10156249999999994
P45_3,14,43.96282799597511,0.15781250000000005
P45_3,16,38.99389763377208,0.08906249999999993
P45_3,20,42.961250709108754,0.140625
P45_3,21,53.00372118290312,0.44687500000000024
P45_3,22,45.952474939441394,0.19843750000000002
P45_3,25,40.7783613206074,0.10937500000000017
P45_3,26,45.16556030486062,0.1812499999999999
P45_3,34,59.49713929274489,0.9437500000000001
P45_3,35,43.05722836674413,0.14218749999999997
P45_3,36,41.938200260161125,0.12499999999999994
P45_3,40,53.50525309036836,0.47343750000000034
P45_3,41,70.77210297297546,3.456249999999995
P45_3,42,44.86076097372589,0.175
P45_3,43,46.92216740798338,0.22187499999999993
P45_3,44,47.163457636011,0.22812500000000008
P45_3,48,47.39822570143589,0.23437500000000033
P45_3,50,46.54717868772661,0.21250000000000002
P45_3,53,43.33895759231624,0.14687500000000023
P45_3,57,46.28787914443925,0.2062499999999999
P45_3,58,41.606215023771895,0.12031250000000002
P45_3,61,40.0,0.1
P45_3,64,57.803528294988894,0.7765624999999999
P45_3,65,41.49267236593808,0.11874999999999991
P45_3,67,49.72152194745178,0.30624999999999997
P45_3,70,45.60359713381722,0.19062499999999993
P45_3,71,47.62681493705152,0.24062500000000006
P45_3,72,63.49463927585913,1.4953125000000005
P45_3,73,55.16972180536405,0.5734375
P45_3,75,63.25539413994911,1.4546875000000006
P45_3,76,40.90156749470376,0.11093749999999995
P45_3,78,42.56636954519361,0.13437499999999994
P45_3,81,42.36198624155989,0.13125
P45_3,82,43.78910441227325,0.15468749999999978
P45_3,85,49.451472539378834,0.296875
P45_3,87,42.15267756799659,0.12812500000000004
P45_3,88,47.04365036222725,0.2249999999999999
P45_3,90,39.43942552799513,0.09374999999999997
P45_3,93,42.56636954519361,0.13437499999999994
P45_3,97,45.16556030486062,0.1812499999999999
P45_3,98,44.1331450144257,0.16093749999999998
P45_3,104,39.724234310287336,0.09687500000000003
P45_3,105,42.56636954519361,0.13437499999999994
P45_3,106,41.14285772273138,0.11406250000000002
P45_3,108,50.72485413676638,0.34375000000000006
P45_3,110,41.37762578815626,0.11718750000000004
P45_3,111,45.60359713381722,0.19062499999999993
P45_3,114,46.28787914443925,0.2062499999999999
P45_3,116,54.83189462807871,0.5515624999999998
P45_3,117,45.53210792665126,0.18906249999999994
P45_3,119,41.606215023771895,0.12031250000000002
P45_3,120,47.57022913667424,0.23906250000000034
P45_3,128,42.56636954519361,0.13437499999999994
P45_3,129,42.56636954519361,0.13437499999999994
P45_3,132,42.961250709108754,0.140625
P45_3,134,47.04365036222725,0.2249999999999999
P45_3,135,38.84016106044626,0.08749999999999998
P45_3,136,49.07782828002375,0.28437499999999993
P45_3,140,51.11095724067411,0.3593749999999999
P45_3,142,41.14285772273138,0.11406250000000002
P45_3,148,63.45825853308878,1.4890624999999997
P45_3,149,41.718292574131866,0.12187500000000001
P45_3,152,45.60359713381722,0.19062499999999993
P45_3,155,49.26665940468058,0.29062499999999986
P45_3,159,50.36204962627611,0.3296875
P45_3,160,42.04610089789525,0.12656249999999997
P45_3,161,46.08819472630724,0.20156250000000017
P45_3,163,58.492046033650034,0.8406249999999996
P45_3,164,49.21983508838253,0.28906250000000006
P45_3,167,49.40563660378714,0.29531249999999987
P45_3,168,41.49267236593808,0.11874999999999991
P45_3,169,58.3290789709985,0.8249999999999998
P45_3,170,47.10376056502176,0.2265625
P45_3,171,76.30615781193487,6.535937500000003
P45_3,172,63.17101894139484,1.4406249999999998
P45_3,173,43.43087262609921,0.14843749999999997
P45_3,174,41.828942346131086,0.1234375
P45_3,175,42.66678557269462,0.13593749999999993
P45_3,177,45.24011775524549,0.18281250000000007
P45_3,178,44.54487563006125,0.16874999999999993
P45_3,182,59.780092313970734,0.9749999999999995
P45_3,183,50.11147774143734,0.3203125
P45_3,184,49.4970678652768,0.2984374999999995
P45_3,185,83.86597119390845,15.606249999999996
P45_3,186,75.14127454313022,5.715625000000002
P45_3,187,62.47499172201401,1.3296874999999995
P45_3,188,51.03509746033133,0.35624999999999984
P45_3,189,69.69489170797735,3.0531250000000005
P45_3,190,62.98053127116109,1.409375
P45_3,192,48.88480056650014,0.2781250000000001
P45_3,193,44.04840395556061,0.15937500000000002
P45_3,194,42.25796236784373,0.12968749999999998
P45_3,195,44.04840395556061,0.15937500000000002
P45_3,196,55.26387871262317,0.5796874999999998
P45_3,197,45.952474939441394,0.19843750000000002
P45_3,199,56.80447504478365,0.6921875000000001
P45_3,200,46.020599913279625,0.20000000000000004
P45_3,201,47.28163482822141,0.23125000000000012
P45_3,203,60.47533443915498,1.0562500000000004
P45_3,204,53.094357375453214,0.45156250000000003
P45_3,207,48.226079404600384,0.25781250000000006
P45_3,209,51.86987494994302,0.39218749999999997
P45_3,210,42.25796236784373,0.12968749999999998
P45_3,211,43.52182518111363,0.15000000000000005
P45_3,212,74.37470347111959,5.232812499999998
P45_3,213,62.3101300299943,1.3046875000000002
P45_3,214,41.828942346131086,0.1234375
P45_3,215,60.35891719865323,1.0421874999999996
P45_3,216,50.958569303270274,0.3531249999999999
P45_3,217,80.1759941955374,10.20468750000001
P45_3,218,74.07657077912695,5.056250000000002
P45_3,219,47.57022913667424,0.23906250000000034
P45_3,220,43.78910441227325,0.15468749999999978
P45_3,222,50.48467598730607,0.3343749999999998
P45_3,223,40.7783613206074,0.10937500000000017
P45_3,224,42.56636954519361,0.13437499999999994
P45_3,225,48.33072994327392,0.26093750000000004
P45_3,226,40.39789657433879,0.10468750000000003
P45_3,227,53.924942920010906,0.496875
P45_3,228,45.88381142267352,0.19687500000000005
P45_3,230,52.53578633781038,0.4234375000000002
P45_3,231,42.04610089789525,0.12656249999999997
P45_3,232,46.22182643343754,0.20468749999999994
P45_3,235,52.17586747973861,0.4062499999999999
P45_3,238,53.84261159611427,0.4921875
P45_3,239,41.49267236593808,0.11874999999999991
P45_3,240,56.82405992261465,0.6937499999999999
P45_3,241,49.172756980512986,0.2875
P45_3,242,59.83559339506618,0.9812500000000002
P45_3,243,49.451472539378834,0.296875
P45_3,244,49.35955750559585,0.2937499999999999
P45_3,246,39.86321150939389,0.09843750000000001
P45_3,247,48.586969458473234,0.26874999999999993
P45_3,250,48.83586584755839,0.2765624999999999
P45_3,251,42.864200653220514,0.13906250000000003
P45_3,252,41.718292574131866,0.12187500000000001
P45_3,253,73.46790672382203,4.714062500000002
P45_3,254,61.35443247761148,1.1687499999999995
P45_3,255,61.178480013144814,1.1453125
P45_3,256,46.67398224834699,0.215625
P45_3,258,57.87315503766717,0.7828124999999998
P45_3,259,45.74483422356696,0.19375000000000006
P45_3,260,49.4970678652768,0.2984374999999995
P45_3,264,55.54037599969472,0.5984375000000003
P45_3,265,44.70425422348676,0.171875
P45_3,267,55.7642515278308,0.6140625000000006
P45_3,268,43.24605949140096,0.14531250000000007
P45_3,271,44.54487563006125,0.16874999999999993
P45_3,272,54.83189462807871,0.5515624999999998
P45_3,273,75.85877182142951,6.2078125
P45_3,274,67.9098041132539,2.485937500000004
P45_3,275,59.42493696810849,0.9359375000000004
P45_3,276,41.37762578815626,0.11718750000000004
P45_3,277,47.163457636011,0.22812500000000008
P45_3,278,43.43087262609921,0.14843749999999997
P45_3,279,39.29344075316514,0.09218750000000002
P45_3,280,58.14621138220111,0.8078125
P45_3,281,41.718292574131866,0.12187500000000001
P45_3,282,69.4331671803632,2.9624999999999964
P45_3,283,59.56874637297976,0.9515624999999999
P45_3,286,46.67398224834699,0.215625
P45_3,288,72.54859738679662,4.240624999999995
P45_3,289,65.97978908030889,1.9906250000000003
P45_3,291,42.04610089789525,0.12656249999999997
P45_3,292,41.49267236593808,0.11874999999999991
P45_3,293,48.637322582898165,0.2703125000000001
P45_3,294,43.78910441227325,0.15468749999999978
P45_3,295,45.53210792665126,0.18906249999999994
P45_3,296,60.91379253491758,1.1109374999999997
P45_3,297,49.07782828002375,0.28437499999999993
P45_3,298,54.50597886116736,0.5312499999999998
P45_3,299,43.87640052032226,0.15625000000000003
P45_3,300,54.73290905950585,0.5453124999999999
P45_3,301,41.14285772273138,0.11406250000000002
P45_3,302,46.983121269623496,0.2234375000000001
P45_3,303,47.163457636011,0.22812500000000008
P45_3,305,58.63614704699087,0.8546874999999996
P45_3,306,44.04840395556061,0.15937500000000002
P45_3,308,45.53210792665126,0.18906249999999994
P45_3,309,49.54242509439325,0.30000000000000016
P45_3,310,57.66257770279466,0.7640624999999994
P45_3,311,46.35343333966397,0.20781250000000004
P45_3,313,45.53210792665126,0.18906249999999994
P45_3,314,41.606215023771895,0.12031250000000002
P45_3,315,39.58299722053759,0.09531249999999995
P45_3,317,40.65338233506736,0.10781249999999999
P45_3,318,40.52657877444698,0.10624999999999998
P45_3,319,61.91645834733684,1.2468749999999997
P45_3,320,51.51674137181963,0.3765625000000001
P45_3,322,59.366739834893245,0.9296874999999998
P45_3,324,42.464779034608114,0.13281250000000006
P45_3,326,65.43828352845047,1.8703124999999998
P45_3,327,40.90156749470376,0.11093749999999995
P45_3,328,53.302234741501024,0.4624999999999998
P45_3,329,49.853462048516384,0.31093749999999987
P45_3,330,45.60359713381722,0.19062499999999993
P45_3,331,42.04610089789525,0.12656249999999997
P45_3,335,46.41849648761841,0.2093750000000001
P45_3,336,45.952474939441394,0.19843750000000002
P45_3,337,57.05569737361096,0.7125000000000006
P45_3,341,47.45593946618564,0.23593749999999997
P45_3,342,47.04365036222725,0.2249999999999999
P45_3,343,55.42623651706676,0.5906249999999997
P45_3,344,42.961250709108754,0.140625
P45_3,347,41.02305044894763,0.11250000000000004
P45_3,350,41.26103491494178,0.11562500000000003
P45_3,351,45.60359713381722,0.19062499999999993
P45_3,353,48.88480056650014,0.2781250000000001
P45_3,354,43.96282799597511,0.15781250000000005
P45_3,358,46.860782773429854,0.22031249999999994
P45_3,360,57.62697974461494,0.7609374999999997
P45_3,361,46.41849648761841,0.2093750000000001
P45_3,363,52.30847905771888,0.41249999999999987
P45_3,365,50.06900386884024,0.3187500000000004
P45_3,366,41.37762578815626,0.11718750000000004
P45_3,367,50.99691766418471,0.35468749999999993
P45_3,368,55.60814661375736,0.6031250000000004
P45_3,373,58.777896351963406,0.8687500000000001
P45_3,375,40.52657877444698,0.10624999999999998
P45_3,377,46.860782773429854,0.22031249999999994
P45_3,378,50.153744927705326,0.32187499999999997
P45_3,380,56.666130305693976,0.6812499999999999
P45_3,382,48.73716149404815,0.2734375000000003
P45_3,383,44.624930479134726,0.17031249999999992
P45_3,384,49.12542231493085,0.28593750000000023
P45_3,385,38.68365431020713,0.08593749999999999
P45_3,386,52.81956114716664,0.43749999999999983
P45_3,387,48.06670081117488,0.2531250000000002
P45_3,388,41.606215023771895,0.12031250000000002
P45_3,389,40.267279231159634,0.10312500000000004
P45_3,390,52.75729643868378,0.434375
P45_3,392,46.15526756645899,0.20312499999999992
P45_3,393,40.13466765317936,0.10156249999999994
P45_3,394,46.35343333966397,0.20781250000000004
P45_3,395,53.590829049953854,0.47812499999999974
P45_3,396,59.59722472517334,0.9546874999999997
P45_3,398,51.26071766852512,0.3656250000000002
P45_3,400,43.33895759231624,0.14687500000000023
P45_3,401,49.172756980512986,0.2875
P45_3,403,55.21692784350346,0.5765625
P45_3,404,52.3740332529436,0.41562500000000013
P45_3,406,41.49267236593808,0.11874999999999991
P45_3,407,48.06670081117488,0.2531250000000002
P45_3,410,46.48307589022238,0.21093750000000006
P45_3,411,42.961250709108754,0.140625
P45_3,413,42.961250709108754,0.140625
P45_3,414,48.01291804095925,0.25156249999999997
P45_3,417,53.56239730725797,0.47656249999999967
P45_3,418,43.33895759231624,0.14687500000000023
P45_3,422,59.366739834893245,0.9296874999999998
P45_3,423,50.80346000933503,0.3468750000000002
P45_3,425,53.67557010881895,0.48281250000000003
P45_3,427,41.37762578815626,0.11718750000000004
P45_3,429,46.28787914443925,0.2062499999999999
P45_3,430,78.71518207490624,8.625000000000004
P45_3,431,65.45278418229924,1.8734375000000025
P45_3,432,45.952474939441394,0.19843750000000002
P45_3,433,42.25796236784373,0.12968749999999998
P45_3,435,55.56302500767287,0.5999999999999998
P45_3,436,40.13466765317936,0.10156249999999994
P45_3,440,43.43087262609921,0.14843749999999997
P45_3,442,50.80346000933503,0.3468750000000002
P45_3,443,57.803528294988894,0.7765624999999999
P45_3,444,43.15215706723336,0.14374999999999996
P45_3,445,40.90156749470376,0.11093749999999995
P45_3,447,40.13466765317936,0.10156249999999994
P45_3,449,59.30815013794736,0.9234374999999996
P45_3,452,54.14075252168104,0.509375
P45_3,453,40.90156749470376,0.11093749999999995
P45_3,455,59.29344075316514,0.9218750000000002
P45_3,456,41.606215023771895,0.12031250000000002
P45_3,457,40.90156749470376,0.11093749999999995
P45_3,458,42.961250709108754,0.140625
P45_3,459,47.34012588856774,0.23281250000000006
P45_3,461,43.05722836674413,0.14218749999999997
P45_3,462,49.02997201770595,0.2828125000000001
P45_3,464,42.36198624155989,0.13125
P45_3,467,57.87315503766717,0.7828124999999998
P45_3,468,42.66678557269462,0.13593749999999993
P45_3,469,49.80970432555288,0.3093749999999999
P45_3,470,42.76605396332563,0.13750000000000004
P45_3,471,46.67398224834699,0.215625
P45_3,474,41.14285772273138,0.11406250000000002
P45_3,477,44.04840395556061,0.15937500000000002
P45_3,480,54.40318606811914,0.5250000000000001
P45_3,481,44.624930479134726,0.17031249999999992
P45_3,485,42.76605396332563,0.13750000000000004
P45_3,488,42.961250709108754,0.140625
P45_3,489,44.04840395556061,0.15937500000000002
P45_3,491,42.15267756799659,0.12812500000000004
P45_3,492,49.172756980512986,0.2875
P45_3,496,54.55692264144496,0.5343750000000005
P45_3,497,41.37762578815626,0.11718750000000004
P45_3,500,58.6678474093241,0.8578125000000002
P45_3,501,49.94032166873203,0.3140624999999999
P45_3,502,48.637322582898165,0.2703125000000001
P45_3,504,65.51773920602452,1.8875000000000004
P45_3,507,40.13466765317936,0.10156249999999994
P45_3,508,40.7783613206074,0.10937500000000017
P45_3,509,45.01449754705171,0.1781250000000001
P45_3,510,41.49267236593808,0.11874999999999991
P45_3,511,60.35891719865323,1.0421874999999996
P45_3,512,45.67450274911022,0.1921875000000001
P45_3,513,55.14602222821047,0.571875
P45_3,515,46.35343333966397,0.20781250000000004
P45_3,517,39.29344075316514,0.09218750000000002
P45_3,519,59.06975741411487,0.8984375000000003
P45_3,520,44.54487563006125,0.16874999999999993
P45_3,521,68.26809104460735,2.590624999999997
P45_3,522,51.26071766852512,0.3656250000000002
P45_3,523,38.68365431020713,0.08593749999999999
P45_3,524,45.88381142267352,0.19687500000000005
P45_3,525,64.9992457615033,1.7781249999999995
P45_3,526,47.73889248741149,0.24375000000000008
P45_3,527,66.00701759676988,1.9968750000000008
P45_3,528,48.38258615483952,0.2625000000000003
P45_3,530,41.49267236593808,0.11874999999999991
P45_3,531,54.42899853774903,0.5265625
P45_3,534,51.83520069376301,0.39062499999999994
P45_3,536,38.68365431020713,0.08593749999999999
P45_3,537,42.864200653220514,0.13906250000000003
P45_3,539,47.39822570143589,0.23437500000000033
P45_3,540,55.54037599969472,0.5984375000000003
P45_3,542,48.173277481276216,0.2562500000000001
P45_3,543,46.020599913279625,0.20000000000000004
P45_3,545,46.22182643343754,0.20468749999999994
P45_3,546,38.19646739301824,0.08124999999999999
P45_3,547,45.81460078048338,0.19531249999999994
P45_3,550,46.73669652540416,0.2171875000000002
P45_3,551,55.09842819330338,0.56875
P45_3,554,54.75776140732777,0.5468750000000001
P45_3,555,42.15267756799659,0.12812500000000004
P45_3,558,60.33283342638435,1.0390625
P45_3,559,46.92216740798338,0.22187499999999993
P45_3,560,54.65792249617778,0.5406249999999998
P45_3,562,81.02908022332242,11.257812500000002
P45_3,563,59.90447472066936,0.9890625000000006
P45_3,565,45.46002544127475,0.18749999999999997
P45_3,566,48.98185062238838,0.28125000000000006
P45_3,567,46.48307589022238,0.21093750000000006
P45_3,568,41.938200260161125,0.12499999999999994
P45_3,569,70.87360216416889,3.496875000000001
P45_3,570,54.58228292117767,0.5359375000000005
P45_3,574,43.78910441227325,0.15468749999999978
P45_3,578,69.45147253937884,2.968750000000003
P45_3,579,53.24334712856541,0.45937500000000053
P45_3,581,42.56636954519361,0.13437499999999994
P45_3,582,71.53833911930414,3.7750000000000012
P45_3,583,56.5860754566205,0.6749999999999999
P45_3,584,47.45593946618564,0.23593749999999997
P45_3,585,50.958569303270274,0.3531249999999999
P45_3,587,59.76616145350565,0.9734375000000004
P45_3,588,52.00720412900136,0.39843749999999994
P45_3,589,39.58299722053759,0.09531249999999995
P45_3,590,67.50183595151148,2.371874999999997
P45_3,591,50.195807429460615,0.3234375000000001
P45_3,593,63.009372104426326,1.4140625000000002
P45_3,595,40.13466765317936,0.10156249999999994
P45_3,596,43.96282799597511,0.15781250000000005
P45_3,597,44.04840395556061,0.15937500000000002
P45_3,598,38.84016106044626,0.08749999999999998
P45_3,599,43.52182518111363,0.15000000000000005
P45_3,600,48.53632272816533,0.2671874999999999
P45_3,601,47.73889248741149,0.24375000000000008
P45_3,602,43.70092203417215,0.15312499999999996
P45_3,603,44.624930479134726,0.17031249999999992
P45_3,604,73.74556154022602,4.8671874999999964
P45_3,605,47.163457636011,0.22812500000000008
P45_3,606,44.93796938999065,0.17656249999999996
P45_3,608,47.51327227921771,0.23750000000000007
P45_3,609,54.11406773989975,0.5078125000000007
P45_3,611,46.73669652540416,0.2171875000000002
P45_3,612,41.828942346131086,0.1234375
P45_3,613,41.606215023771895,0.12031250000000002
P45_3,614,40.267279231159634,0.10312500000000004
P45_3,617,46.15526756645899,0.20312499999999992
P45_3,620,49.4970678652768,0.2984374999999995
P45_3,621,46.41849648761841,0.2093750000000001
P45_3,622,51.22351894084264,0.3640625
P45_3,624,42.25796236784373,0.12968749999999998
P45_3,625,60.33283342638435,1.0390625
P45_3,627,54.24667931788001,0.5156250000000001
P45_3,628,55.87406196179601,0.6218749999999998
P45_3,630,46.28787914443925,0.2062499999999999
P45_3,631,43.33895759231624,0.14687500000000023
P45_3,632,44.04840395556061,0.15937500000000002
P45_3,633,59.68210380098709,0.9640624999999999
P45_3,634,42.04610089789525,0.12656249999999997
P45_3,637,48.48537894788773,0.2656249999999999
P45_3,638,44.93796938999065,0.17656249999999996
P45_3,639,70.72090510753807,3.435937500000004
P45_3,640,49.72152194745178,0.30624999999999997
P45_3,641,48.586969458473234,0.26874999999999993
P45_3,642,44.54487563006125,0.16874999999999993
P45_3,643,39.58299722053759,0.09531249999999995
P45_3,644,67.67742887550638,2.4203124999999996
P45_3,645,51.11095724067411,0.3593749999999999
P45_3,649,47.79439356850693,0.2453125
P45_3,650,70.44399258909701,3.328125
P45_3,651,52.27551549011741,0.41093749999999984
P45_3,653,45.16556030486062,0.1812499999999999
P45_3,654,43.05722836674413,0.14218749999999997
P45_3,655,44.624930479134726,0.17031249999999992
P45_3,657,40.52657877444698,0.10624999999999998
P45_3,658,42.56636954519361,0.13437499999999994
P45_3,659,58.37829094195164,0.8296875
P45_3,663,54.45473452587535,0.5281250000000001
P45_3,665,50.525169718634366,0.3359375000000001
P45_3,667,39.29344075316514,0.09218750000000002
P45_3,668,55.07453302104451,0.5671875
P45_3,669,66.45084620709079,2.1015625000000004
P45_3,670,44.86076097372589,0.175
P45_3,671,67.87150406539175,2.474999999999998
P45_3,672,47.10376056502176,0.2265625
P45_3,673,44.1331450144257,0.16093749999999998
P45_3,674,48.68738548597425,0.2718749999999999
P45_3,676,58.36191791233804,0.8281250000000004
P45_3,677,42.76605396332563,0.13750000000000004
P45_3,678,77.32574678168389,7.34999999999999
P45_3,679,59.14496039158101,0.9062500000000002
P45_3,681,51.26071766852512,0.3656250000000002
P45_3,682,41.26103491494178,0.11562500000000003
P45_3,684,42.36198624155989,0.13125
P45_3,685,46.35343333966397,0.20781250000000004
P45_3,686,49.72152194745178,0.30624999999999997
P45_3,687,39.14496039158101,0.09062500000000004
P45_3,688,47.45593946618564,0.23593749999999997
P45_3,689,50.72485413676638,0.34375000000000006
P45_3,690,58.34551396102597,0.8265625000000001
P45_3,693,47.683034483728086,0.2421875
P45_3,694,55.14602222821047,0.571875
P45_3,696,44.300186501721015,0.16406249999999994
P45_3,700,53.95221418146588,0.4984375
P45_3,701,42.04610089789525,0.12656249999999997
P45_3,704,44.46407607402645,0.16718750000000007
P45_3,705,41.37762578815626,0.11718750000000004
P45_3,706,41.718292574131866,0.12187500000000001
P45_3,707,63.36663437506882,1.4734374999999993
P45_3,708,47.57022913667424,0.23906250000000034
P45_3,710,46.73669652540416,0.2171875000000002
P45_3,711,60.500994397663526,1.0593750000000002
P45_3,712,39.58299722053759,0.09531249999999995
P45_3,713,45.88381142267352,0.19687500000000005
P45_3,714,42.961250709108754,0.140625
P45_3,715,45.01449754705171,0.1781250000000001
P45_3,716,63.91107477650227,1.56875
P45_3,718,42.76605396332563,0.13750000000000004
P45_3,719,58.129394552866486,0.8062500000000001
P45_3,720,41.14285772273138,0.11406250000000002
P45_3,721,44.38251782561765,0.16562499999999974
P45_3,722,54.50597886116736,0.5312499999999998
P45_3,723,50.153744927705326,0.32187499999999997
P45_3,726,54.53148810017221,0.5328124999999999
P45_3,727,56.04692119186613,0.6343749999999997
P45_3,730,49.35955750559585,0.2937499999999999
P45_3,731,50.56547554334088,0.33750000000000024
P45_3,733,43.96282799597511,0.15781250000000005
P45_3,734,51.07311016712002,0.3578125
P45_3,735,42.25796236784373,0.12968749999999998
P45_3,736,40.90156749470376,0.11093749999999995
P45_3,738,60.75350897278548,1.0906250000000008
P45_3,739,42.36198624155989,0.13125
P45_3,740,45.24011775524549,0.18281250000000007
P45_3,741,49.63243511892678,0.3031250000000001
P45_3,742,48.93346113992011,0.27968749999999987
P45_3,743,62.3723204362805,1.3140625000000004
P45_3,744,43.70092203417215,0.15312499999999996
P45_3,745,46.79896123388701,0.2187499999999999
P45_3,748,46.22182643343754,0.20468749999999994
P45_3,750,70.28348117667569,3.2671875
P45_3,751,49.89700043360188,0.3125000000000001
P45_3,752,46.35343333966397,0.20781250000000004
P45_3,753,51.407939661452495,0.37187499999999996
P45_3,754,47.28163482822141,0.23125000000000012
P45_3,757,40.267279231159634,0.10312500000000004
P45_3,758,44.46407607402645,0.16718750000000007
P45_3,763,47.79439356850693,0.2453125
P45_3,764,39.724234310287336,0.09687500000000003
P45_3,767,46.28787914443925,0.2062499999999999
P45_3,769,40.65338233506736,0.10781249999999999
P45_3,770,49.21983508838253,0.28906250000000006
P45_3,775,48.27856228112336,0.259375
P45_3,778,43.96282799597511,0.15781250000000005
P45_4,3,39.14496039158101,0.09062500000000004
P45_4,9,44.1331450144257,0.16093749999999998
P45_4,13,43.24605949140096,0.14531250000000007
P45_4,15,45.53210792665126,0.18906249999999994
P45_4,18,49.54242509439325,0.30000000000000016
P45_4,19,44.38251782561765,0.16562499999999974
P45_4,22,46.48307589022238,0.21093750000000006
P45_4,23,41.14285772273138,0.11406250000000002
P45_4,24,41.49267236593808,0.11874999999999991
P45_4,26,43.52182518111363,0.15000000000000005
P45_4,27,43.96282799597511,0.15781250000000005
P45_4,32,42.76605396332563,0.13750000000000004
P45_4,33,42.66678557269462,0.13593749999999993
P45_4,37,53.590829049953854,0.47812499999999974
P45_4,41,50.56547554334088,0.33750000000000024
P45_4,42,43.78910441227325,0.15468749999999978
P45_4,43,51.33464057972439,0.3687500000000002
P45_4,44,39.43942552799513,0.09374999999999997
P45_4,47,45.88381142267352,0.19687500000000005
P45_4,49,43.24605949140096,0.14531250000000007
P45_4,50,51.186160218140245,0.3624999999999999
P45_4,51,46.860782773429854,0.22031249999999994
P45_4,52,47.163457636011,0.22812500000000008
P45_4,53,44.04840395556061,0.15937500000000002
P45_4,54,49.451472539378834,0.296875
P45_4,55,44.70425422348676,0.171875
P45_4,57,46.35343333966397,0.20781250000000004
P45_4,59,42.15267756799659,0.12812500000000004
P45_4,61,50.06900386884024,0.3187500000000004
P45_4,62,43.611835205647154,0.15156250000000002
P45_4,63,47.79439356850693,0.2453125
P45_4,64,43.15215706723336,0.14374999999999996
P45_4,66,41.938200260161125,0.12499999999999994
P45_4,68,46.73669652540416,0.2171875000000002
P45_4,70,45.81460078048338,0.19531249999999994
P45_4,71,47.39822570143589,0.23437500000000033
P45_4,76,48.586969458473234,0.26874999999999993
P45_4,77,47.28163482822141,0.23125000000000012
P45_4,80,44.21706730629786,0.16249999999999984
P45_4,81,41.718292574131866,0.12187500000000001
P45_4,82,44.46407607402645,0.16718750000000007
P45_4,83,47.04365036222725,0.2249999999999999
P45_4,85,46.22182643343754,0.20468749999999994
P45_4,86,44.1331450144257,0.16093749999999998
P45_4,89,50.56547554334088,0.33750000000000024
P45_4,90,54.35132985655355,0.5218750000000002
P45_4,91,64.16681129548073,1.6156249999999985
P45_4,92,51.03509746033133,0.35624999999999984
P45_4,93,40.0,0.1
P45_4,95,40.65338233506736,0.10781249999999999
P45_4,98,43.15215706723336,0.14374999999999996
P45_4,99,55.07453302104451,0.5671875
P45_4,100,55.12225780945175,0.5703125000000001
P45_4,101,39.14496039158101,0.09062500000000004
P45_4,102,43.43087262609921,0.14843749999999997
P45_4,103,43.70092203417215,0.15312499999999996
P45_4,104,46.67398224834699,0.215625
P45_4,105,44.300186501721015,0.16406249999999994
P45_4,109,51.76543413684658,0.38749999999999984
P45_4,111,42.15267756799659,0.12812500000000004
P45_4,113,40.90156749470376,0.11093749999999995
P45_4,115,63.44913948801175,1.4875000000000018
P45_4,116,47.73889248741149,0.24375000000000008
P45_4,119,44.21706730629786,0.16249999999999984
P45_4,121,60.67852240945741,1.0812499999999996
P45_4,122,39.58299722053759,0.09531249999999995
P45_4,123,47.39822570143589,0.23437500000000033
P45_4,126,41.37762578815626,0.11718750000000004
P45_4,127,54.03351795423888,0.5031250000000005
P45_4,129,56.56594592353689,0.6734375
P45_4,133,50.76424599402447,0.3453125
P45_4,135,53.302234741501024,0.4624999999999998
P45_4,136,44.1331450144257,0.16093749999999998
P45_4,137,42.36198624155989,0.13125
P45_4,138,49.80970432555288,0.3093749999999999
P45_4,140,38.19646739301824,0.08124999999999999
P45_4,141,49.98342790925473,0.3156249999999998
P45_4,142,41.938200260161125,0.12499999999999994
P45_4,144,40.13466765317936,0.10156249999999994
P45_4,148,48.68738548597425,0.2718749999999999
P45_4,149,47.57022913667424,0.23906250000000034
P45_4,150,43.05722836674413,0.14218749999999997
P45_4,151,40.267279231159634,0.10312500000000004
P45_4,154,41.49267236593808,0.11874999999999991
P45_4,155,45.16556030486062,0.1812499999999999
P45_4,156,46.22182643343754,0.20468749999999994
P45_4,164,45.60359713381722,0.19062499999999993
P45_4,168,42.56636954519361,0.13437499999999994
P45_4,169,45.53210792665126,0.18906249999999994
P45_4,171,43.96282799597511,0.15781250000000005
P45_4,173,49.02997201770595,0.2828125000000001
P45_4,174,45.81460078048338,0.19531249999999994
P45_4,176,39.29344075316514,0.09218750000000002
P45_4,177,42.15267756799659,0.12812500000000004
P45_4,179,41.37762578815626,0.11718750000000004
P45_4,180,48.73716149404815,0.2734375000000003
P45_4,182,48.226079404600384,0.25781250000000006
P45_4,183,46.67398224834699,0.215625
P45_4,187,49.451472539378834,0.296875
P45_4,191,40.39789657433879,0.10468750000000003
P45_4,193,50.44399258909701,0.3328125
P45_4,195,42.76605396332563,0.13750000000000004
P45_4,197,41.26103491494178,0.11562500000000003
P45_4,198,46.08819472630724,0.20156250000000017
P45_4,200,38.02780404228098,0.0796875
P45_4,203,41.938200260161125,0.12499999999999994
P45_4,205,46.54717868772661,0.21250000000000002
P45_4,207,43.15215706723336,0.14374999999999996
P45_4,208,48.88480056650014,0.2781250000000001
P45_4,213,44.38251782561765,0.16562499999999974
P45_4,214,49.54242509439325,0.30000000000000016
P45_4,215,43.15215706723336,0.14374999999999996
P45_4,216,39.43942552799513,0.09374999999999997
P45_4,217,38.36191791233803,0.08281249999999996
P45_4,218,49.4970678652768,0.2984374999999995
P45_4,220,55.24043500166216,0.5781250000000008
P45_4,222,50.195807429460615,0.3234375000000001
P45_4,223,49.02997201770595,0.2828125000000001
P45_4,227,68.22081363321263,2.5765624999999988
P45_4,231,45.74483422356696,0.19375000000000006
P45_4,233,41.37762578815626,0.11718750000000004
P45_4,234,59.15992316812887,0.9078125000000001
P45_4,235,51.14864011816514,0.3609374999999998
P45_4,236,46.020599913279625,0.20000000000000004
P45_4,238,43.43087262609921,0.14843749999999997
P45_4,239,44.93796938999065,0.17656249999999996
P45_4,240,43.611835205647154,0.15156250000000002
P45_4,242,48.68738548597425,0.2718749999999999
P45_4,243,49.07782828002375,0.28437499999999993
P45_4,244,43.33895759231624,0.14687500000000023
P45_4,249,45.01449754705171,0.1781250000000001
P45_4,251,47.22274721528578,0.2296875
P45_4,252,45.46002544127475,0.18749999999999997
P45_4,254,44.7828600960554,0.17343749999999994
P45_4,256,52.142395801947295,0.40468750000000014
P45_4,258,50.195807429460615,0.3234375000000001
P45_4,261,50.11147774143734,0.3203125
P45_4,262,54.14075252168104,0.509375
P45_4,268,47.90434300673128,0.24843749999999995
P45_4,269,44.1331450144257,0.16093749999999998
P45_4,270,54.4803944843839,0.5296875
P45_4,272,41.49267236593808,0.11874999999999991
P45_4,273,39.29344075316514,0.09218750000000002
P45_4,274,43.87640052032226,0.15625000000000003
P45_4,276,40.39789657433879,0.10468750000000003
P45_4,277,41.14285772273138,0.11406250000000002
P45_4,278,41.938200260161125,0.12499999999999994
P45_4,283,51.29775776575698,0.3671874999999997
P45_4,286,40.90156749470376,0.11093749999999995
P45_4,289,40.90156749470376,0.11093749999999995
P45_4,290,50.958569303270274,0.3531249999999999
P45_4,291,50.06900386884024,0.3187500000000004
P45_4,292,42.36198624155989,0.13125
P45_4,293,40.39789657433879,0.10468750000000003
P45_4,294,42.15267756799659,0.12812500000000004
P45_4,297,42.961250709108754,0.140625
P45_4,298,45.31404066644477,0.18437500000000007
P45_4,299,49.89700043360188,0.3125000000000001
P45_4,302,51.76543413684658,0.38749999999999984
P45_4,303,39.58299722053759,0.09531249999999995
P45_4,305,59.69617002209858,0.9656250000000002
P45_4,306,51.62419704709684,0.3812499999999999
P45_4,307,49.31323265105224,0.2921875000000001
P45_4,308,41.49267236593808,0.11874999999999991
P45_4,309,51.80038746223698,0.3890625000000001
P45_4,310,43.33895759231624,0.14687500000000023
P45_4,313,45.46002544127475,0.18749999999999997
P45_4,315,41.938200260161125,0.12499999999999994
P45_4,317,51.11095724067411,0.3593749999999999
P45_4,318,44.04840395556061,0.15937500000000002
P45_4,319,54.85646576083801,0.5531249999999999
P45_4,320,48.88480056650014,0.2781250000000001
P45_4,321,54.75776140732777,0.5468750000000001
P45_4,322,47.73889248741149,0.24375000000000008
P45_4,323,42.04610089789525,0.12656249999999997
P45_4,324,77.34234931551497,7.364062499999992
P45_4,325,64.79068169913961,1.7359375000000001
P45_4,326,57.093710080399646,0.7156250000000001
P45_4,327,44.54487563006125,0.16874999999999993
P45_4,328,45.31404066644477,0.18437500000000007
P45_4,329,42.04610089789525,0.12656249999999997
P45_4,330,48.78665387660526,0.27500000000000013
P45_4,332,58.901982599989104,0.88125
P45_4,333,49.451472539378834,0.296875
P45_4,334,58.746595814890846,0.8656249999999995
P45_4,335,51.33464057972439,0.3687500000000002
P45_4,336,44.70425422348676,0.171875
P45_4,339,46.22182643343754,0.20468749999999994
P45_4,342,43.05722836674413,0.14218749999999997
P45_4,345,46.67398224834699,0.215625
P45_4,347,48.93346113992011,0.27968749999999987
P45_4,348,40.267279231159634,0.10312500000000004
P45_4,349,52.81956114716664,0.43749999999999983
P45_4,350,44.70425422348676,0.171875
P45_4,351,41.02305044894763,0.11250000000000004
P45_4,353,41.828942346131086,0.1234375
P45_4,354,49.63243511892678,0.3031250000000001
P45_4,355,40.267279231159634,0.10312500000000004
P45_4,356,43.33895759231624,0.14687500000000023
P45_4,358,60.87706567411764,1.10625
P45_4,359,53.44773043219912,0.47031249999999986
P45_4,361,44.300186501721015,0.16406249999999994
P45_4,363,71.79340804069787,3.8874999999999944
P45_4,364,64.68844732260372,1.7156250000000006
P45_4,365,49.80970432555288,0.3093749999999999
P45_4,366,40.52657877444698,0.10624999999999998
P45_4,367,65.94563296221635,1.982812499999999
P45_4,368,59.61142896323348,0.9562499999999996
P45_4,370,52.142395801947295,0.40468750000000014
P45_4,371,40.13466765317936,0.10156249999999994
P45_4,374,59.55447210577695,0.9499999999999996
P45_4,375,49.31323265105224,0.2921875000000001
P45_4,376,56.08960378211986,0.6375000000000003
P45_4,377,48.226079404600384,0.25781250000000006
P45_4,379,50.56547554334088,0.33750000000000024
P45_4,380,42.25796236784373,0.12968749999999998
P45_4,382,43.52182518111363,0.15000000000000005
P45_4,385,50.80346000933503,0.3468750000000002
P45_4,386,42.04610089789525,0.12656249999999997
P45_4,389,45.090357327394486,0.17968749999999992
P45_4,391,67.84404312048814,2.4671874999999988
P45_4,392,63.56694678719811,1.5078125000000004
P45_4,394,46.28787914443925,0.2062499999999999
P45_4,396,38.84016106044626,0.08749999999999998
P45_4,397,56.56594592353689,0.6734375
P45_4,398,49.07782828002375,0.28437499999999993
P45_4,399,48.01291804095925,0.25156249999999997
P45_4,402,44.21706730629786,0.16249999999999984
P45_4,404,54.53148810017221,0.5328124999999999
P45_4,405,46.67398224834699,0.215625
P45_4,406,45.090357327394486,0.17968749999999992
P45_4,408,44.70425422348676,0.171875
P45_4,411,43.52182518111363,0.15000000000000005
P45_4,413,46.92216740798338,0.22187499999999993
P45_4,414,42.56636954519361,0.13437499999999994
P45_4,415,45.31404066644477,0.18437500000000007
P45_4,417,58.71518207490624,0.8625000000000003
P45_4,418,49.02997201770595,0.2828125000000001
P45_4,419,52.17586747973861,0.4062499999999999
P45_4,420,44.04840395556061,0.15937500000000002
P45_4,421,46.48307589022238,0.21093750000000006
P45_4,428,61.13095108668176,1.1390625000000016
P45_4,429,48.586969458473234,0.26874999999999993
P45_4,430,61.583624920952495,1.1999999999999995
P45_4,433,65.44553688138811,1.8718749999999993
P45_4,434,62.01387121476366,1.2609374999999996
P45_4,436,61.795895167503545,1.2296874999999996
P45_4,438,63.47646795199719,1.492187500000002
P45_4,439,40.7783613206074,0.10937500000000017
P45_4,440,62.65679604929559,1.3578125000000012
P45_4,441,59.68210380098709,0.9640624999999999
P45_4,442,48.06670081117488,0.2531250000000002
P45_4,443,46.92216740798338,0.22187499999999993
P45_4,444,49.677092747572615,0.30468749999999994
P45_4,445,46.92216740798338,0.22187499999999993
P45_4,446,38.52427571678163,0.08437500000000005
P45_4,447,49.26665940468058,0.29062499999999986
P45_4,448,49.07782828002375,0.28437499999999993
P45_4,449,42.864200653220514,0.13906250000000003
P45_4,450,49.4970678652768,0.2984374999999995
P45_4,451,45.090357327394486,0.17968749999999992
P45_4,452,38.68365431020713,0.08593749999999999
P45_4,461,48.53632272816533,0.2671874999999999
P45_4,463,39.86321150939389,0.09843750000000001
P45_4,466,42.864200653220514,0.13906250000000003
P45_4,468,38.68365431020713,0.08593749999999999
PQ_1,1,49.63243511892678,0.3031250000000001
PQ_1,5,40.65338233506736,0.10781249999999999
PQ_1,6,45.74483422356696,0.19375000000000006
PQ_1,7,42.66678557269462,0.13593749999999993
PQ_1,8,43.78910441227325,0.15468749999999978
PQ_1,13,51.51674137181963,0.3765625000000001
PQ_1,15,66.03416102397823,2.003125
PQ_1,17,42.961250709108754,0.140625
PQ_1,19,44.1331450144257,0.16093749999999998
PQ_1,21,43.15215706723336,0.14374999999999996
PQ_1,22,41.26103491494178,0.11562500000000003
PQ_1,25,54.03351795423888,0.5031250000000005
PQ_1,27,39.29344075316514,0.09218750000000002
PQ_1,28,42.961250709108754,0.140625
PQ_1,29,46.6108118634504,0.2140625000000002
PQ_1,31,49.63243511892678,0.3031250000000001
PQ_1,32,53.44773043219912,0.47031249999999986
PQ_1,33,51.5885259922885,0.3796875
PQ_1,34,43.33895759231624,0.14687500000000023
PQ_1,35,57.803528294988894,0.7765624999999999
PQ_1,37,51.65972220761291,0.38281250000000017
PQ_1,42,43.05722836674413,0.14218749999999997
PQ_1,46,45.60359713381722,0.19062499999999993
PQ_1,47,40.90156749470376,0.11093749999999995
PQ_1,49,45.31404066644477,0.18437500000000007
PQ_1,55,42.961250709108754,0.140625
PQ_1,56,41.718292574131866,0.12187500000000001
PQ_1,57,43.43087262609921,0.14843749999999997
PQ_1,60,49.40563660378714,0.29531249999999987
PQ_1,62,45.38733974817287,0.18593749999999995
PQ_1,64,48.33072994327392,0.26093750000000004
PQ_1,65,44.21706730629786,0.16249999999999984
PQ_1,66,45.01449754705171,0.1781250000000001
PQ_1,68,55.91760034688151,0.6250000000000003
PQ_1,71,48.68738548597425,0.2718749999999999
PQ_1,74,52.34131799905842,0.41406250000000017
PQ_1,76,40.65338233506736,0.10781249999999999
PQ_1,77,51.33464057972439,0.3687500000000002
PQ_1,78,45.31404066644477,0.18437500000000007
PQ_1,82,44.1331450144257,0.16093749999999998
PQ_1,84,41.606215023771895,0.12031250000000002
PQ_1,85,39.86321150939389,0.09843750000000001
PQ_1,89,53.06425027550687,0.44999999999999984
PQ_1,93,48.637322582898165,0.2703125000000001
PQ_1,94,43.96282799597511,0.15781250000000005
PQ_1,95,46.15526756645899,0.20312499999999992
PQ_1,96,42.76605396332563,0.13750000000000004
PQ_1,99,44.93796938999065,0.17656249999999996
PQ_1,104,53.094357375453214,0.45156250000000003
PQ_1,107,39.724234310287336,0.09687500000000003
PQ_1,108,43.70092203417215,0.15312499999999996
PQ_1,109,43.05722836674413,0.14218749999999997
PQ_1,110,41.606215023771895,0.12031250000000002
PQ_1,112,53.302234741501024,0.4624999999999998
PQ_1,113,49.94032166873203,0.3140624999999999
PQ_1,117,43.78910441227325,0.15468749999999978
PQ_1,118,46.983121269623496,0.2234375000000001
PQ_1,120,43.33895759231624,0.14687500000000023
PQ_1,121,42.04610089789525,0.12656249999999997
PQ_1,122,48.226079404600384,0.25781250000000006
PQ_1,123,40.39789657433879,0.10468750000000003
PQ_1,125,42.36198624155989,0.13125
PQ_1,126,47.10376056502176,0.2265625
PQ_1,127,41.37762578815626,0.11718750000000004
PQ_1,130,42.56636954519361,0.13437499999999994
PQ_1,131,41.37762578815626,0.11718750000000004
PQ_1,136,52.17586747973861,0.4062499999999999
PQ_1,137,41.828942346131086,0.1234375
PQ_1,138,38.84016106044626,0.08749999999999998
PQ_1,139,54.4803944843839,0.5296875
PQ_1,140,43.43087262609921,0.14843749999999997
PQ_1,142,43.52182518111363,0.15000000000000005
PQ_1,145,46.48307589022238,0.21093750000000006
PQ_1,146,50.525169718634366,0.3359375000000001
PQ_1,148,55.02654455843541,0.5640624999999999
PQ_1,149,47.57022913667424,0.23906250000000034
PQ_1,150,41.02305044894763,0.11250000000000004
PQ_1,154,50.06900386884024,0.3187500000000004
PQ_1,157,41.14285772273138,0.11406250000000002
PQ_1,159,42.961250709108754,0.140625
PQ_1,165,46.6108118634504,0.2140625000000002
PQ_1,166,42.56636954519361,0.13437499999999994
PQ_1,167,56.46459250237663,0.6656250000000001
PQ_1,168,42.56636954519361,0.13437499999999994
PQ_1,170,42.56636954519361,0.13437499999999994
PQ_1,174,43.05722836674413,0.14218749999999997
PQ_1,176,42.36198624155989,0.13125
PQ_1,177,59.94554283329053,0.99375
PQ_1,178,45.60359713381722,0.19062499999999993
PQ_1,180,42.66678557269462,0.13593749999999993
PQ_1,182,54.37729666105916,0.5234375
PQ_1,183,45.38733974817287,0.18593749999999995
PQ_1,184,51.55270783993088,0.37812499999999993
PQ_1,186,45.31404066644477,0.18437500000000007
PQ_1,187,47.163457636011,0.22812500000000008
PQ_1,190,52.34131799905842,0.41406250000000017
PQ_1,191,62.82507495806328,1.3843750000000017
PQ_1,193,44.46407607402645,0.16718750000000007
PQ_1,194,41.37762578815626,0.11718750000000004
PQ_1,195,44.624930479134726,0.17031249999999992
PQ_1,199,43.33895759231624,0.14687500000000023
PQ_1,200,41.49267236593808,0.11874999999999991
PQ_1,205,50.88136088700551,0.35000000000000003
PQ_1,206,41.718292574131866,0.12187500000000001
PQ_1,208,45.38733974817287,0.18593749999999995
PQ_1,212,42.04610089789525,0.12656249999999997
PQ_1,214,44.38251782561765,0.16562499999999974
PQ_1,215,43.24605949140096,0.14531250000000007
PQ_1,218,39.724234310287336,0.09687500000000003
PQ_1,221,47.22274721528578,0.2296875
PQ_1,222,43.87640052032226,0.15625000000000003
PQ_1,224,45.01449754705171,0.1781250000000001
PQ_1,227,47.22274721528578,0.2296875
PQ_1,228,43.15215706723336,0.14374999999999996
PQ_1,229,52.88138268670948,0.44062499999999993
PQ_1,230,39.58299722053759,0.09531249999999995
PQ_1,231,43.05722836674413,0.14218749999999997
PQ_1,234,50.48467598730607,0.3343749999999998
PQ_1,236,52.88138268670948,0.44062499999999993
PQ_1,237,41.606215023771895,0.12031250000000002
PQ_1,239,63.236714800195095,1.4515625000000005
PQ_1,240,52.17586747973861,0.4062499999999999
PQ_1,241,57.78603405012621,0.7750000000000005
PQ_1,242,45.74483422356696,0.19375000000000006
PQ_1,243,42.15267756799659,0.12812500000000004
PQ_1,244,61.42382743771773,1.1781249999999996
PQ_1,245,47.62681493705152,0.24062500000000006
PQ_1,246,42.961250709108754,0.140625
PQ_1,247,49.40563660378714,0.29531249999999987
PQ_1,249,53.70363439700771,0.48437500000000006
PQ_1,250,42.66678557269462,0.13593749999999993
PQ_1,253,51.444358539285005,0.3734375
PQ_1,254,37.131557153953736,0.07187499999999998
PQ_1,257,70.02204146098917,3.170312499999997
PQ_1,258,59.26394704184503,0.9187500000000003
PQ_1,259,46.020599913279625,0.20000000000000004
PQ_1,260,51.407939661452495,0.37187499999999996
PQ_1,261,49.58754670047774,0.3015625000000001
PQ_1,262,45.01449754705171,0.1781250000000001
PQ_1,263,53.53387219249733,0.47499999999999976
PQ_1,264,43.70092203417215,0.15312499999999996
PQ_1,265,58.36191791233804,0.8281250000000004
PQ_1,266,44.04840395556061,0.15937500000000002
PQ_1,268,51.37136744052433,0.3703124999999998
PQ_1,269,38.84016106044626,0.08749999999999998
PQ_1,271,59.89074208596996,0.9875000000000005
PQ_1,272,46.020599913279625,0.20000000000000004
PQ_1,273,58.82463667805072,0.8734374999999999
PQ_1,274,44.624930479134726,0.17031249999999992
PQ_1,275,57.71570257566946,0.7687499999999998
PQ_1,276,46.35343333966397,0.20781250000000004
PQ_1,277,53.78728727125122,0.4890624999999999
PQ_1,278,42.04610089789525,0.12656249999999997
PQ_1,279,53.75949240069112,0.48750000000000066
PQ_1,281,57.51930204779889,0.7515624999999996
PQ_1,282,45.46002544127475,0.18749999999999997
PQ_1,283,49.98342790925473,0.3156249999999998
PQ_1,285,44.46407607402645,0.16718750000000007
PQ_1,287,42.36198624155989,0.13125
PQ_1,289,51.51674137181963,0.3765625000000001
PQ_1,291,55.60814661375736,0.6031250000000004
PQ_1,292,42.464779034608114,0.13281250000000006
PQ_1,293,44.93796938999065,0.17656249999999996
PQ_1,295,59.15992316812887,0.9078125000000001
PQ_1,296,38.68365431020713,0.08593749999999999
PQ_1,297,39.43942552799513,0.09374999999999997
PQ_1,299,49.12542231493085,0.28593750000000023
PQ_1,308,38.99389763377208,0.08906249999999993
PQ_1,311,43.05722836674413,0.14218749999999997
PQ_1,312,50.72485413676638,0.34375000000000006
PQ_1,313,46.28787914443925,0.2062499999999999
PQ_1,314,48.06670081117488,0.2531250000000002
PQ_1,316,41.938200260161125,0.12499999999999994
PQ_1,318,44.21706730629786,0.16249999999999984
PQ_1,320,48.637322582898165,0.2703125000000001
PQ_1,322,42.56636954519361,0.13437499999999994
PQ_1,323,45.24011775524549,0.18281250000000007
PQ_1,324,46.28787914443925,0.2062499999999999
PQ_1,330,44.46407607402645,0.16718750000000007
PQ_1,331,44.38251782561765,0.16562499999999974
PQ_1,332,44.54487563006125,0.16874999999999993
PQ_2,2,47.28163482822141,0.23125000000000012
PQ_2,3,41.37762578815626,0.11718750000000004
PQ_2,4,39.724234310287336,0.09687500000000003
PQ_2,8,44.93796938999065,0.17656249999999996
PQ_2,11,46.92216740798338,0.22187499999999993
PQ_2,14,44.70425422348676,0.171875
PQ_2,25,43.87640052032226,0.15625000000000003
PQ_2,26,59.35212941994613,0.9281250000000001
PQ_2,33,41.26103491494178,0.11562500000000003
PQ_2,37,42.66678557269462,0.13593749999999993
PQ_2,38,43.33895759231624,0.14687500000000023
PQ_2,39,41.606215023771895,0.12031250000000002
PQ_2,41,39.86321150939389,0.09843750000000001
PQ_2,46,40.90156749470376,0.11093749999999995
PQ_2,49,44.21706730629786,0.16249999999999984
PQ_2,50,47.683034483728086,0.2421875
PQ_2,52,44.38251782561765,0.16562499999999974
PQ_2,56,63.98001077039786,1.5812499999999994
PQ_2,57,45.16556030486062,0.1812499999999999
PQ_2,59,43.15215706723336,0.14374999999999996
PQ_2,61,38.68365431020713,0.08593749999999999
PQ_2,62,42.76605396332563,0.13750000000000004
PQ_2,63,44.300186501721015,0.16406249999999994
PQ_2,65,55.31057715649601,0.5828124999999997
PQ_2,66,50.40311773889728,0.3312499999999999
PQ_2,68,45.60359713381722,0.19062499999999993
PQ_2,73,40.267279231159634,0.10312500000000004
PQ_2,74,46.41849648761841,0.2093750000000001
PQ_2,75,45.53210792665126,0.18906249999999994
PQ_2,76,40.0,0.1
PQ_2,77,51.11095724067411,0.3593749999999999
PQ_2,78,56.21640734274023,0.6468749999999996
PQ_2,82,44.46407607402645,0.16718750000000007
PQ_2,83,43.24605949140096,0.14531250000000007
PQ_2,85,44.21706730629786,0.16249999999999984
PQ_2,86,44.04840395556061,0.15937500000000002
PQ_2,87,45.24011775524549,0.18281250000000007
PQ_2,89,42.25796236784373,0.12968749999999998
PQ_2,91,47.39822570143589,0.23437500000000033
PQ_2,92,42.25796236784373,0.12968749999999998
PQ_2,95,42.76605396332563,0.13750000000000004
PQ_2,96,45.60359713381722,0.19062499999999993
PQ_2,98,42.66678557269462,0.13593749999999993
PQ_2,99,39.14496039158101,0.09062500000000004
PQ_2,101,52.20921066708787,0.40781249999999997
PQ_2,103,44.7828600960554,0.17343749999999994
PQ_2,104,59.89074208596996,0.9875000000000005
PQ_2,105,44.70425422348676,0.171875
PQ_2,106,43.70092203417215,0.15312499999999996
PQ_2,109,43.43087262609921,0.14843749999999997
PQ_2,111,42.36198624155989,0.13125
PQ_2,114,43.52182518111363,0.15000000000000005
PQ_2,115,42.864200653220514,0.13906250000000003
PQ_2,116,51.65972220761291,0.38281250000000017
PQ_2,117,40.7783613206074,0.10937500000000017
PQ_2,118,52.17586747973861,0.4062499999999999
PQ_2,119,43.87640052032226,0.15625000000000003
PQ_2,123,44.21706730629786,0.16249999999999984
PQ_2,125,55.98250144314445,0.6296875000000004
PQ_2,126,45.31404066644477,0.18437500000000007
PQ_2,127,59.52585300364798,0.9468749999999999
PQ_2,128,47.163457636011,0.22812500000000008
PQ_2,131,49.89700043360188,0.3125000000000001
PQ_2,132,42.04610089789525,0.12656249999999997
PQ_2,133,52.27551549011741,0.41093749999999984
PQ_2,134,48.88480056650014,0.2781250000000001
PQ_2,135,50.32078641500064,0.3281249999999999
PQ_2,136,42.864200653220514,0.13906250000000003
PQ_2,137,40.52657877444698,0.10624999999999998
PQ_2,139,53.56239730725797,0.47656249999999967
PQ_2,140,41.26103491494178,0.11562500000000003
PQ_2,141,46.35343333966397,0.20781250000000004
PQ_2,145,44.624930479134726,0.17031249999999992
PQ_2,148,46.22182643343754,0.20468749999999994
PQ_2,149,40.13466765317936,0.10156249999999994
PQ_2,150,58.63614704699087,0.8546874999999996
PQ_2,151,50.685282817124616,0.3421874999999998
PQ_2,153,59.0848501887865,0.8999999999999998
PQ_2,154,51.69510266238984,0.38437500000000024
PQ_2,155,41.14285772273138,0.11406250000000002
PQ_2,157,61.22575027750329,1.1515625
PQ_2,158,53.27284083988552,0.4609375000000001
PQ_2,159,51.07311016712002,0.3578125
PQ_2,160,41.606215023771895,0.12031250000000002
PQ_2,161,58.84016106044626,0.8749999999999998
PQ_2,162,49.26665940468058,0.29062499999999986
PQ_2,163,58.04481852301652,0.7984375000000004
PQ_2,164,49.4970678652768,0.2984374999999995
PQ_2,166,39.29344075316514,0.09218750000000002
PQ_2,167,69.27599405322873,2.909374999999999
PQ_2,168,42.04610089789525,0.12656249999999997
PQ_2,169,44.38251782561765,0.16562499999999974
PQ_2,171,39.724234310287336,0.09687500000000003
PQ_2,174,51.26071766852512,0.3656250000000002
PQ_2,175,53.331529506666506,0.4640625
PQ_2,176,47.34012588856774,0.23281250000000006
PQ_2,177,44.46407607402645,0.16718750000000007
PQ_2,178,44.70425422348676,0.171875
PQ_2,179,47.10376056502176,0.2265625
PQ_2,183,43.52182518111363,0.15000000000000005
PQ_2,184,45.74483422356696,0.19375000000000006
PQ_3,5,44.21706730629786,0.16249999999999984
PQ_3,6,40.52657877444698,0.10624999999999998
PQ_3,7,50.23766721957749,0.32500000000000007
PQ_3,8,48.53632272816533,0.2671874999999999
PQ_3,15,41.606215023771895,0.12031250000000002
PQ_3,17,48.586969458473234,0.26874999999999993
PQ_3,19,46.54717868772661,0.21250000000000002
PQ_3,20,54.14075252168104,0.509375
PQ_3,24,44.7828600960554,0.17343749999999994
PQ_3,25,42.961250709108754,0.140625
PQ_3,26,40.39789657433879,0.10468750000000003
PQ_3,30,47.73889248741149,0.24375000000000008
PQ_3,32,39.43942552799513,0.09374999999999997
PQ_3,38,50.02632127858652,0.3171875000000001
PQ_3,39,45.81460078048338,0.19531249999999994
PQ_3,40,41.718292574131866,0.12187500000000001
PQ_3,41,43.78910441227325,0.15468749999999978
PQ_3,42,42.36198624155989,0.13125
PQ_3,47,55.85221065558456,0.6203124999999997
PQ_3,48,52.17586747973861,0.4062499999999999
PQ_3,49,47.34012588856774,0.23281250000000006
PQ_3,50,40.52657877444698,0.10624999999999998
PQ_3,52,40.7783613206074,0.10937500000000017
PQ_3,54,43.43087262609921,0.14843749999999997
PQ_3,55,51.65972220761291,0.38281250000000017
PQ_3,59,45.090357327394486,0.17968749999999992
PQ_3,60,46.67398224834699,0.215625
PQ_3,63,40.39789657433879,0.10468750000000003
PQ_3,65,43.70092203417215,0.15312499999999996
PQ_3,70,67.07375746217359,2.2578125
PQ_3,72,48.53632272816533,0.2671874999999999
PQ_3,73,45.67450274911022,0.1921875000000001
PQ_3,74,43.52182518111363,0.15000000000000005
PQ_3,75,47.34012588856774,0.23281250000000006
PQ_3,76,42.36198624155989,0.13125
PQ_3,80,45.16556030486062,0.1812499999999999
PQ_3,81,43.24605949140096,0.14531250000000007
PQ_3,83,46.15526756645899,0.20312499999999992
PQ_3,84,47.51327227921771,0.23750000000000007
PQ_3,87,43.52182518111363,0.15000000000000005
PQ_3,96,46.28787914443925,0.2062499999999999
PQ_3,97,44.86076097372589,0.175
PQ_3,101,45.24011775524549,0.18281250000000007
PQ_3,102,55.58561511049227,0.6015625
PQ_3,103,44.300186501721015,0.16406249999999994
PQ_3,105,42.66678557269462,0.13593749999999993
PQ_3,107,42.36198624155989,0.13125
PQ_3,112,50.23766721957749,0.32500000000000007
PQ_3,115,52.97329772049246,0.4453125000000001
PQ_3,116,44.46407607402645,0.16718750000000007
PQ_3,117,55.67539254683641,0.6078125000000002
PQ_3,118,45.81460078048338,0.19531249999999994
PQ_3,119,53.24334712856541,0.45937500000000053
PQ_3,121,39.58299722053759,0.09531249999999995
PQ_3,123,48.53632272816533,0.2671874999999999
PQ_3,124,42.464779034608114,0.13281250000000006
PQ_3,126,49.26665940468058,0.29062499999999986
PQ_3,129,46.15526756645899,0.20312499999999992
PQ_3,130,53.00372118290312,0.44687500000000024
PQ_3,131,39.58299722053759,0.09531249999999995
PQ_3,134,40.267279231159634,0.10312500000000004
PQ_3,139,49.35955750559585,0.2937499999999999
PQ_3,141,45.38733974817287,0.18593749999999995
PQ_3,142,52.59965346113738,0.42656250000000007
PQ_3,148,56.44417912132849,0.6640625000000002
PQ_3,153,41.37762578815626,0.11718750000000004
PQ_3,154,58.4109447008537,0.8328124999999996
PQ_3,155,43.33895759231624,0.14687500000000023
PQ_3,156,40.267279231159634,0.10312500000000004
PQ_3,158,49.451472539378834,0.296875
PQ_3,159,38.52427571678163,0.08437500000000005
PQ_3,161,43.87640052032226,0.15625000000000003
PQ_3,162,45.46002544127475,0.18749999999999997
PQ_3,163,45.46002544127475,0.18749999999999997
PQ_3,164,42.66678557269462,0.13593749999999993
PQ_3,166,56.80447504478365,0.6921875000000001
PQ_3,170,55.69769266085224,0.609375
PQ_3,171,49.172756980512986,0.2875
PQ_3,172,57.42853957473212,0.74375
PQ_3,173,50.27932624254333,0.3265624999999996
PQ_3,174,58.82463667805072,0.8734374999999999
PQ_3,175,51.444358539285005,0.3734375
PQ_3,176,45.952474939441394,0.19843750000000002
PQ_3,178,61.34281255663023,1.1671874999999996
PQ_3,179,53.56239730725797,0.47656249999999967
PQ_3,182,46.35343333966397,0.20781250000000004
PQ_3,183,40.267279231159634,0.10312500000000004
PQ_3,184,47.51327227921771,0.23750000000000007
PQ_3,185,40.90156749470376,0.11093749999999995
PQ_3,191,47.22274721528578,0.2296875
PQ_3,192,45.01449754705171,0.1781250000000001
PQ_3,196,44.86076097372589,0.175
PQ_3,197,43.70092203417215,0.15312499999999996
PQ_3,199,41.606215023771895,0.12031250000000002
PQ_3,200,38.68365431020713,0.08593749999999999
PQ_3,203,47.163457636011,0.22812500000000008
PQ_3,204,39.58299722053759,0.09531249999999995
PQ_3,205,51.73033958551557,0.38593750000000016
PQ_3,206,43.43087262609921,0.14843749999999997
PQ_3,207,59.23435284068407,0.9156249999999996
PQ_3,208,55.42623651706676,0.5906249999999997
PQ_3,209,58.76226018277578,0.8671875000000003
PQ_3,210,53.27284083988552,0.4609375000000001
PQ_3,211,47.10376056502176,0.2265625
PQ_3,212,45.16556030486062,0.1812499999999999
PQ_3,213,49.853462048516384,0.31093749999999987
PQ_3,214,45.24011775524549,0.18281250000000007
PQ_3,215,52.66305439692751,0.42968749999999983
PQ_3,216,49.98342790925473,0.3156249999999998
PQ_3,217,47.34012588856774,0.23281250000000006
PQ_3,219,60.488173894025145,1.0578125000000003
PQ_3,221,41.02305044894763,0.11250000000000004
PQ_3,222,51.407939661452495,0.37187499999999996
PQ_3,226,42.15267756799659,0.12812500000000004
PQ_3,227,48.43413461259573,0.2640625
PQ_3,229,49.4970678652768,0.2984374999999995
PQ_3,230,45.31404066644477,0.18437500000000007
PQ_3,231,41.37762578815626,0.11718750000000004
PQ_3,232,40.65338233506736,0.10781249999999999
PQ_4,3,41.718292574131866,0.12187500000000001
PQ_4,5,44.1331450144257,0.16093749999999998
PQ_4,6,53.302234741501024,0.4624999999999998
PQ_4,8,42.56636954519361,0.13437499999999994
PQ_4,10,45.81460078048338,0.19531249999999994
PQ_4,12,45.01449754705171,0.1781250000000001
PQ_4,15,49.54242509439325,0.30000000000000016
PQ_4,17,40.7783613206074,0.10937500000000017
PQ_4,18,54.50597886116736,0.5312499999999998
PQ_4,22,47.683034483728086,0.2421875
PQ_4,24,45.31404066644477,0.18437500000000007
PQ_4,25,40.65338233506736,0.10781249999999999
PQ_4,27,41.938200260161125,0.12499999999999994
PQ_4,29,44.1331450144257,0.16093749999999998
PQ_4,39,40.39789657433879,0.10468750000000003
PQ_4,43,48.73716149404815,0.2734375000000003
PQ_4,46,49.12542231493085,0.28593750000000023
PQ_4,47,46.73669652540416,0.2171875000000002
PQ_4,48,43.43087262609921,0.14843749999999997
PQ_4,49,50.195807429460615,0.3234375000000001
PQ_4,50,50.525169718634366,0.3359375000000001
PQ_4,52,44.70425422348676,0.171875
PQ_4,54,45.74483422356696,0.19375000000000006
PQ_4,55,46.28787914443925,0.2062499999999999
PQ_4,56,41.828942346131086,0.1234375
PQ_4,58,43.33895759231624,0.14687500000000023
PQ_4,61,42.864200653220514,0.13906250000000003
PQ_4,63,40.52657877444698,0.10624999999999998
PQ_4,64,44.04840395556061,0.15937500000000002
PQ_4,71,45.74483422356696,0.19375000000000006
PQ_4,74,55.67539254683641,0.6078125000000002
PQ_4,76,50.27932624254333,0.3265624999999996
PQ_4,78,46.79896123388701,0.2187499999999999
PQ_4,79,40.7783613206074,0.10937500000000017
PQ_4,80,46.983121269623496,0.2234375000000001
PQ_4,82,42.56636954519361,0.13437499999999994
PQ_4,83,51.29775776575698,0.3671874999999997
PQ_4,85,50.60559519729285,0.3390625000000001
PQ_4,88,46.020599913279625,0.20000000000000004
PQ_4,89,53.50525309036836,0.47343750000000034
PQ_4,91,42.56636954519361,0.13437499999999994
PQ_4,92,43.43087262609921,0.14843749999999997
PQ_4,93,43.15215706723336,0.14374999999999996
PQ_4,98,46.020599913279625,0.20000000000000004
PQ_4,99,46.67398224834699,0.215625
PQ_4,102,50.40311773889728,0.3312499999999999
PQ_4,107,47.683034483728086,0.2421875
PQ_4,108,47.34012588856774,0.23281250000000006
PQ_4,109,39.724234310287336,0.09687500000000003
PQ_4,112,47.04365036222725,0.2249999999999999
PQ_4,113,46.67398224834699,0.215625
PQ_4,114,58.02780404228098,0.7968749999999992
PQ_4,116,43.611835205647154,0.15156250000000002
PQ_4,117,43.96282799597511,0.15781250000000005
PQ_4,120,39.14496039158101,0.09062500000000004
PQ_4,121,42.464779034608114,0.13281250000000006
PQ_4,125,42.25796236784373,0.12968749999999998
PQ_4,129,47.10376056502176,0.2265625
PQ_4,131,45.01449754705171,0.1781250000000001
PQ_4,137,49.54242509439325,0.30000000000000016
PQ_4,140,60.33283342638435,1.0390625
PQ_4,143,44.86076097372589,0.175
PQ_4,144,47.51327227921771,0.23750000000000007
PQ_4,145,41.37762578815626,0.11718750000000004
PQ_4,147,51.407939661452495,0.37187499999999996
PQ_4,150,40.0,0.1
PQ_4,151,41.49267236593808,0.11874999999999991
PQ_4,156,48.27856228112336,0.259375
PQ_4,160,40.7783613206074,0.10937500000000017
PQ_4,162,47.683034483728086,0.2421875
PQ_4,163,43.52182518111363,0.15000000000000005
PQ_4,165,53.4188256147155,0.46874999999999983
PQ_4,166,41.26103491494178,0.11562500000000003
PQ_4,167,46.22182643343754,0.20468749999999994
PQ_4,168,39.43942552799513,0.09374999999999997
PQ_4,169,41.606215023771895,0.12031250000000002
PQ_4,170,43.52182518111363,0.15000000000000005
PQ_4,172,44.7828600960554,0.17343749999999994
PQ_4,174,45.24011775524549,0.18281250000000007
PQ_4,175,47.22274721528578,0.2296875
PQ_4,176,50.685282817124616,0.3421874999999998
PQ_4,177,56.08960378211986,0.6375000000000003
PQ_4,183,39.58299722053759,0.09531249999999995
PQ_4,184,48.93346113992011,0.27968749999999987
PQ_4,188,40.90156749470376,0.11093749999999995
PQ_4,189,41.14285772273138,0.11406250000000002
PQ_4,191,40.39789657433879,0.10468750000000003
PQ_4,193,41.938200260161125,0.12499999999999994
PQ_4,196,43.78910441227325,0.15468749999999978
PQ_4,197,41.14285772273138,0.11406250000000002
PQ_4,202,47.84954225941071,0.24687500000000007
PQ_4,203,50.11147774143734,0.3203125
PQ_4,208,42.25796236784373,0.12968749999999998
PQ_4,210,50.80346000933503,0.3468750000000002
PQ_4,213,50.06900386884024,0.3187500000000004
PQ_4,220,43.43087262609921,0.14843749999999997
PQ_4,221,51.97307485272102,0.3968750000000001
PQ_4,223,46.15526756645899,0.20312499999999992
PQ_4,224,39.86321150939389,0.09843750000000001
PQ_4,225,43.05722836674413,0.14218749999999997
PQ_4,229,53.302234741501024,0.4624999999999998
PQ_4,230,60.74105608228244,1.0890624999999996
PQ_4,231,46.73669652540416,0.2171875000000002
PQ_4,233,43.87640052032226,0.15625000000000003
PQ_4,234,42.56636954519361,0.13437499999999994
PQ_4,235,46.48307589022238,0.21093750000000006
PQ_4,237,40.267279231159634,0.10312500000000004
PQ_4,241,40.90156749470376,0.11093749999999995
PQ_4,247,46.15526756645899,0.20312499999999992
PQ_4,249,45.46002544127475,0.18749999999999997
PQ_4,251,51.22351894084264,0.3640625
PQ_4,252,43.87640052032226,0.15625000000000003
PQ_4,254,40.13466765317936,0.10156249999999994
PQ_4,256,52.942767321263005,0.4437499999999999
PQ_4,257,41.49267236593808,0.11874999999999991
PQ_4,258,41.718292574131866,0.12187500000000001
PQ_4,262,66.69284412250848,2.160937500000003
PQ_4,263,51.86987494994302,0.39218749999999997
PQ_4,265,41.828942346131086,0.1234375
PQ_4,266,57.57330775321051,0.75625
PQ_4,267,41.26103491494178,0.11562500000000003
PQ_4,268,67.2522409266059,2.3046875
PQ_4,269,50.153744927705326,0.32187499999999997
PQ_4,275,43.52182518111363,0.15000000000000005
PQ_4,276,44.21706730629786,0.16249999999999984
PQ_4,278,55.02654455843541,0.5640624999999999
PQ_4,279,43.70092203417215,0.15312499999999996
PQ_4,280,49.853462048516384,0.31093749999999987
PQ_4,282,46.48307589022238,0.21093750000000006
PQ_4,286,55.050571930985576,0.5656250000000003
PQ_4,287,39.14496039158101,0.09062500000000004
PQ_4,288,39.29344075316514,0.09218750000000002
PQ_4,289,43.33895759231624,0.14687500000000023
PQ_4,292,47.39822570143589,0.23437500000000033
PQ_4,294,58.16299571522691,0.8093749999999996
PQ_4,295,41.718292574131866,0.12187500000000001
PQ_4,296,45.952474939441394,0.19843750000000002
PQ_4,297,39.86321150939389,0.09843750000000001
PQ_4,299,49.80970432555288,0.3093749999999999
PQ_4,302,47.22274721528578,0.2296875
PQ_4,304,47.45593946618564,0.23593749999999997
PQ_4,305,39.14496039158101,0.09062500000000004
PQ_4,306,48.83586584755839,0.2765624999999999
PQ_4,309,43.52182518111363,0.15000000000000005
PQ_4,313,41.14285772273138,0.11406250000000002
PQ_4,317,43.33895759231624,0.14687500000000023
PQ_4,318,41.938200260161125,0.12499999999999994
PQ_4,320,43.05722836674413,0.14218749999999997
PQ_4,323,42.25796236784373,0.12968749999999998
PQ_4,324,48.48537894788773,0.2656249999999999
PQ_4,325,50.88136088700551,0.35000000000000003
PQ_4,327,49.80970432555288,0.3093749999999999
PQ_4,328,47.04365036222725,0.2249999999999999
PQ_4,329,60.240918392601365,1.0281249999999997
PQ_4,330,44.46407607402645,0.16718750000000007
PQ_4,332,60.107900637734126,1.0125000000000002
PQ_4,333,43.87640052032226,0.15625000000000003
PQ_4,334,64.14999446614611,1.6125000000000005
PQ_4,335,49.02997201770595,0.2828125000000001
PQ_4,336,55.63061982070049,0.6046875
PQ_4,337,40.13466765317936,0.10156249999999994
PQ_4,338,41.26103491494178,0.11562500000000003
PQ_4,339,47.10376056502176,0.2265625
PQ_4,340,41.938200260161125,0.12499999999999994
PQ_4,341,55.33383256433186,0.5843749999999998
PQ_4,342,41.37762578815626,0.11718750000000004
PQ_4,343,47.51327227921771,0.23750000000000007
PQ_4,344,48.78665387660526,0.27500000000000013
PQ_4,345,65.87691512247952,1.9671875000000028
PQ_4,346,48.98185062238838,0.28125000000000006
PQ_4,348,47.95880017344075,0.24999999999999994
PQ_4,349,43.78910441227325,0.15468749999999978
PQ_4,350,39.29344075316514,0.09218750000000002
PQ_4,351,41.14285772273138,0.11406250000000002
PQ_4,352,48.73716149404815,0.2734375000000003
PQ_4,353,42.464779034608114,0.13281250000000006
PQ_4,354,50.80346000933503,0.3468750000000002
PQ_4,357,45.31404066644477,0.18437500000000007
PQ_4,358,50.27932624254333,0.3265624999999996
PQ_4,359,48.48537894788773,0.2656249999999999
PQ_4,361,48.43413461259573,0.2640625
PQ_4,362,44.86076097372589,0.175
PQ_4,364,55.07453302104451,0.5671875
PQ_4,366,38.68365431020713,0.08593749999999999
PQ_4,368,44.46407607402645,0.16718750000000007
PQ_4,369,37.501225267834,0.07500000000000001
PQ_4,373,38.84016106044626,0.08749999999999998
PQ_4,375,44.1331450144257,0.16093749999999998
PQ_4,376,44.624930479134726,0.17031249999999992
PQ_4,379,41.938200260161125,0.12499999999999994
PQ_4,380,43.33895759231624,0.14687500000000023
PQ_4,382,45.24011775524549,0.18281250000000007
PQ_4,386,50.32078641500064,0.3281249999999999
PQ_4,388,41.606215023771895,0.12031250000000002
PQ_4,390,43.15215706723336,0.14374999999999996
PQ_4,393,41.26103491494178,0.11562500000000003
PQ_4,394,46.6108118634504,0.2140625000000002
PQ_4,395,45.38733974817287,0.18593749999999995
PQ_4,397,38.84016106044626,0.08749999999999998
PQ_4,398,46.67398224834699,0.215625
PQ_4,400,46.983121269623496,0.2234375000000001
PQ_4,401,43.70092203417215,0.15312499999999996
PQ_4,405,44.21706730629786,0.16249999999999984
PQ_4,406,50.11147774143734,0.3203125
PQ_4,407,42.04610089789525,0.12656249999999997
PQ_4,410,48.93346113992011,0.27968749999999987
PQ_4,415,46.73669652540416,0.2171875000000002
PQ_4,416,42.66678557269462,0.13593749999999993
PQ_4,418,44.70425422348676,0.171875
PQ_4,420,40.52657877444698,0.10624999999999998
PQ_4,422,43.05722836674413,0.14218749999999997
PQ_4,423,39.43942552799513,0.09374999999999997
PQ_4,424,44.86076097372589,0.175
PQ_4,425,48.637322582898165,0.2703125000000001
PQ_4,427,43.33895759231624,0.14687500000000023
PQ_4,428,42.15267756799659,0.12812500000000004
PQ_4,429,40.90156749470376,0.11093749999999995
PQ_4,430,41.49267236593808,0.11874999999999991
PQ_4,431,43.43087262609921,0.14843749999999997
