test_id,dif_time
P0_2,1.999999312829459e-07
P0_3,-1.9999998812636477e-07
P0_4,1.7734396351443138e-07
P0_5,3.2810021366458386e-09
P0_6,-2.733997916948283e-09
P90_1,2.343750082900442e-08
P90_2,-3.320010932839068e-10
P90_3,2.5878897247366695e-08
P0_90_1,-5.684341886080802e-14
P0_90_2,-3.7500171856663655e-09
P0_90_3,2.4999735614983365e-10
P0_90_4,3.027301431757223e-08
P0_90W_1,-4.414005161379464e-09
P0_90W_3,3.398014314370812e-09
P45_2,1.9530261852196418e-09
P45_3,-4.8438039357279195e-08
P45_4,-2.733997916948283e-09
PQ_1,-2.9688010272366228e-08
PQ_2,3.378900714778865e-08
PQ_3,-4.0624996699989424e-08
PQ_4,3.6976643968955614e-11
